{"stats":{"minecraft:broken":{"minecraft:wooden_sword":1,"elemental_wizards_rpg:elemental_head":1},"minecraft:crafted":{"minecraft:wooden_sword":1,"mythicmetals:platinum_ingot":5,"inmis:baby_backpack":2,"regions_unexplored:socotra_boat":3,"minecraft:furnace":3,"davespotioneering:white_umbrella":1,"minecraft:cooked_mutton":5,"simplyswords:iron_rapier":1,"minecraft:chest":2,"tridents_n_stuff:iron_spear":1,"minecraft:crafting_table":6,"minecraft:wooden_pickaxe":1,"mcdw:sword_katana":2,"minecraft:acacia_boat":1,"minecraft:bread":11,"minecraft:air":0,"regions_unexplored:eucalyptus_planks":12,"regions_unexplored:socotra_planks":60,"minecraft:iron_chestplate":1,"minecraft:white_wool":12,"minecraft:diamond_pickaxe":1,"minecraft:shield":1,"minecraft:iron_ingot":59,"minecraft:gold_ingot":12,"minecraft:white_bed":4,"malum:chunk_of_brilliance":3,"minecraft:acacia_planks":24},"minecraft:custom":{"lootr:looted_stat":48,"minecraft:mob_kills":62,"minecraft:interact_with_crafting_table":47,"goblintraders:trade_with_goblin":27,"minecraft:damage_dealt_resisted":1744,"minecraft:leave_game":5,"minecraft:time_since_death":2347,"minecraft:climb_one_cm":6459,"minecraft:sprint_one_cm":357633,"minecraft:walk_one_cm":488560,"minecraft:damage_blocked_by_shield":1010,"minecraft:drop":59,"minecraft:talked_to_villager":1,"minecraft:play_time":242679,"minecraft:deaths":42,"minecraft:sneak_time":9731,"minecraft:walk_under_water_one_cm":12892,"minecraft:boat_one_cm":169388,"minecraft:jump":2121,"minecraft:walk_on_water_one_cm":9483,"minecraft:total_world_time":242679,"minecraft:interact_with_furnace":13,"minecraft:interact_with_cartography_table":1,"minecraft:sleep_in_bed":8,"minecraft:hex":0,"minecraft:time_since_rest":2384,"minecraft:damage_absorbed":80,"minecraft:damage_taken":12610,"minecraft:damage_dealt":6312,"minecraft:swim_one_cm":6366,"minecraft:fly_one_cm":423774,"minecraft:player_kills":6,"minecraft:crouch_one_cm":24967,"minecraft:inspect_dispenser":1,"minecraft:fall_one_cm":68958},"minecraft:dropped":{"archon:bubble_beam_tome":2,"mcdw:sword_katana":2,"minecraft:bread":8,"minecraft:wheat_seeds":4,"minecraft:diamond_axe":1,"minecraft:dripstone_block":1,"clutter:copper_coin":11,"minecraft:crossbow":1,"minecraft:feather":2,"minecraft:cobblestone":1,"inmis:baby_backpack":1,"minecraft:amethyst_block":2,"minecraft:cut_sandstone_slab":1,"paraglider:spirit_orb":2,"minecraft:emerald":2,"origins:orb_of_origin":1,"galosphere:raw_silver":1,"elemental_wizards_rpg:elemental_feet":2,"minecraft:torch":1,"regions_unexplored:socotra_planks":1,"regions_unexplored:socotra_sapling":1,"minecraft:green_carpet":1,"bewitchment:garlic":1,"minecraft:wooden_sword":1,"immersive_armors:wooden_chestplate":1,"minecraft:string":2,"ftbquests:book":1,"qu-enchantments:rune_3":1,"minecraft:cobbled_deepslate":1,"minecraft:white_bed":2,"dungeonnowloading:spawner_fragment":11,"xtraarrows:bat_skin":2,"minecraft:acacia_sapling":1,"minecraft:spider_eye":2,"knightquest:small_essence":1,"minecraft:arrow":1,"minecraft:calcite":2,"hybrid-aquatic:raw_crayfish":2,"meadow:flecked_wool":3},"minecraft:killed":{"minecraft:evoker":1,"minecraft:cave_spider":2,"minecraft:vindicator":4,"minecraft:spider":13,"minecraft:skeleton":6,"hybrid-aquatic:crayfish":2,"minecraft:parrot":5,"minecraft:husk":3,"minecraft:zombie_villager":1,"minecraft:rabbit":1,"minecraft:hoglin":5,"minecraft:creeper":1,"minecraft:sheep":1,"minecraft:pillager":7,"minecraft:zombie":8,"minecraft:player":3},"minecraft:used":{"minecraft:iron_bars":1,"minecraft:acacia_log":2,"minecraft:shield":21,"minecraft:rotten_flesh":34,"promenade:duck":1,"minecraft:lantern":1,"minecraft:totem_of_undying":1,"minecraft:stone_bricks":3,"minecraft:smooth_basalt":1,"minecraft:bow":2,"minecraft:furnace":3,"graveyard:yellow_urn":1,"minecraft:cobbled_deepslate":2,"minecraft:golden_axe":6,"tridents_n_stuff:iron_spear":15,"minecraft:wheat_seeds":35,"minecraft:cooked_mutton":5,"minecraft:acacia_boat":1,"simplyswords:iron_rapier":107,"minecraft:wooden_pickaxe":11,"minecraft:diamond_axe":29,"minecraft:green_bed":3,"regions_unexplored:barrel_cactus":1,"basicweapons:golden_quarterstaff":3,"minecraft:sand":32,"minecraft:crafting_table":8,"minecraft:crossbow":1,"minecraft:white_bed":3,"minecraft:diamond_pickaxe":250,"minecraft:string":1,"mcdw:sword_katana":2,"illagerinvasion:platinum_infused_hatchet":1,"minecraft:wooden_sword":74,"minecraft:potion":1,"minecraft:cobblestone":14,"regions_unexplored:socotra_boat":5,"minecraft:experience_bottle":1},"minecraft:mined":{"minecraft:tuff":5,"minecraft:cut_sandstone_slab":5,"minecraft:stone_brick_wall":1,"regions_unexplored:elephant_ear":1,"minecraft:sandstone":8,"minecraft:waxed_weathered_copper":2,"minecraft:sandstone_stairs":1,"minecraft:spawner":5,"minecraft:furnace":1,"minecraft:iron_ore":26,"minecraft:fire":11,"minecraft:cobbled_deepslate":1,"treechop:chopped_log":2,"soulsweapons:moonstone_ore_deepslate":2,"minecraft:deepslate_iron_ore":22,"bewitchment:salt_ore":1,"minecraft:smooth_sandstone_stairs":1,"minecraft:waxed_exposed_copper":1,"minecraft:stone":28,"minecraft:tripwire":4,"minecraft:green_bed":4,"regions_unexplored:barrel_cactus":1,"minecraft:sandstone_slab":4,"minecraft:cut_sandstone":2,"mythicmetals:platinum_ore":5,"promenade:blunite":1,"minecraft:orange_terracotta":1,"minecraft:polished_granite":6,"minecraft:crafting_table":2,"regions_unexplored:joshua_leaves":1,"minecraft:calcite":2,"minecraft:melon":2,"regions_unexplored:small_desert_shrub":4,"minecraft:dead_bush":3,"malum:brilliant_deepslate":2,"galosphere:silver_ore":5,"minecraft:tall_grass":4,"minecraft:cobblestone":1,"minecraft:deepslate_coal_ore":6,"farmersdelight:wild_tomatoes":1,"minecraft:deepslate_gold_ore":1,"minecraft:sugar_cane":8,"minecraft:smooth_sandstone_slab":5,"minecraft:amethyst_block":2,"minerally:gold_rock":1,"minecraft:blue_terracotta":2,"regions_unexplored:socotra_log":8,"regions_unexplored:steppe_shrub":6,"minecraft:wheat":37,"minecraft:grass":11,"minecraft:coal_ore":43,"regions_unexplored:eucalyptus_log":1,"minecraft:dripstone_block":5,"archon:earth_node":1,"minecraft:sand":31,"mythicmetals:morkite_ore":6,"minecraft:cobweb":8,"artifality:lunar_crystal_geode":1,"minecraft:smooth_basalt":2,"twigs:rhyolite":1,"minecraft:terracotta":2,"minecraft:tripwire_hook":2,"minecraft:gold_ore":5,"minecraft:deepslate":10,"minecraft:fern":2},"minecraft:killed_by":{"minecraft:husk":1,"minecraft:evoker":2,"minecraft:player":1,"minecraft:zombified_piglin":1,"minecraft:creeper":2,"minecraft:spider":5,"mobs_of_mythology:kobold_warrior":5,"minecraft:drowned":2,"minecraft:vindicator":5,"minecraft:hoglin":4,"minecraft:skeleton":1,"minecraft:zombie":8},"minecraft:picked_up":{"meadow:flecked_wool":3,"minecraft:crafting_table":2,"minecraft:wheat":33,"minecraft:sandstone_slab":3,"minecraft:stone_brick_wall":4,"soulsweapons:moonstone":2,"minecraft:potion":1,"minecraft:wither_rose":7,"minecraft:enchanted_book":2,"xtraarrows:bat_skin":2,"minecraft:yellow_candle":9,"promenade:blunite":1,"regions_unexplored:eucalyptus_planks":2,"minecraft:amethyst_block":2,"minecraft:string":26,"minecraft:raw_copper":2,"minecraft:wooden_sword":1,"minecraft:flint_and_steel":1,"minecraft:iron_leggings":3,"dungeonnowloading:spawner_fragment":14,"illagerinvasion:platinum_infused_hatchet":1,"minecraft:waxed_weathered_copper":3,"minecraft:cobbled_deepslate":9,"minecraft:calcite":2,"regions_unexplored:socotra_boat":2,"minecraft:melon_slice":9,"minecraft:sugar_cane":12,"minecraft:furnace":1,"minecraft:raw_iron":48,"minecraft:stick":3,"minecraft:sandstone":33,"regions_unexplored:elephant_ear":1,"minecraft:acacia_log":8,"minecraft:torch":1,"minecraft:green_bed":3,"regions_unexplored:barrel_cactus":1,"minecraft:porkchop":10,"minecraft:golden_axe":1,"farmersdelight:tomato_seeds":1,"graveyard:yellow_urn":1,"mythicmetals:morkite":17,"minecraft:golden_chestplate":1,"regions_unexplored:socotra_log":15,"minecraft:smooth_sandstone_slab":2,"minecraft:cactus":14,"bewitchment:garlic":1,"minecraft:arrow":11,"minecraft:rotten_flesh":14,"minecraft:sandstone_stairs":1,"minecraft:totem_of_undying":1,"qu-enchantments:rune_3":1,"minecraft:iron_bars":3,"minecraft:mutton":5,"minecraft:bone_block":2,"minecraft:cobblestone":50,"minecraft:feather":4,"regions_unexplored:eucalyptus_log":3,"minecraft:tripwire_hook":2,"minecraft:leather":3,"minecraft:cut_sandstone":3,"malum:cluster_of_brilliance":2,"paraglider:spirit_orb":10,"minecraft:tuff":5,"archon:earth_essence":1,"elemental_wizards_rpg:elemental_feet":1,"minecraft:gunpowder":1,"mythicmetals:raw_platinum":6,"minecraft:dirt":12,"minecraft:cut_sandstone_slab":2,"minecraft:lantern":1,"minecraft:leather_boots":1,"minecraft:bone":16,"minecraft:stone_bricks":8,"minecraft:wheat_seeds":108,"minecraft:raw_gold":7,"minecraft:cobweb":5,"minecraft:rabbit":1,"galosphere:raw_silver":6,"minecraft:waxed_exposed_copper":1,"minecraft:acacia_sapling":1,"regions_unexplored:eucalyptus_sapling":1,"minecraft:smooth_basalt":2,"archon:bubble_beam_tome":1,"promenade:duck":1,"hybrid-aquatic:raw_crayfish":2,"minecraft:dripstone_block":2,"regions_unexplored:socotra_planks":1,"minecraft:sand":42,"bewitchment:belladonna_seeds":1,"minecraft:white_bed":1,"minecraft:green_carpet":2,"minecraft:spider_eye":2,"minecraft:mossy_cobblestone":1,"galosphere:silver_nugget":2,"clutter:copper_coin":11,"minecraft:diamond":4,"regions_unexplored:socotra_sapling":1,"minecraft:crossbow":1,"knightquest:small_essence":5,"minecraft:diamond_axe":1,"minecraft:emerald":6,"soulsweapons:verglas":1,"minecraft:bread":4,"twigs:rhyolite":1,"minecraft:coal":55}},"DataVersion":3465}