{"stats":{"minecraft:broken":{"minecraft:wooden_sword":1},"minecraft:crafted":{"minecraft:wooden_sword":1,"mythicmetals:platinum_ingot":5,"tridents_n_stuff:iron_spear":1,"minecraft:crafting_table":1,"minecraft:wooden_pickaxe":1,"minecraft:furnace":3,"minecraft:bread":11,"minecraft:air":0,"regions_unexplored:eucalyptus_planks":12,"minecraft:white_wool":11,"minecraft:diamond_pickaxe":1,"minecraft:iron_ingot":59,"minecraft:gold_ingot":9,"malum:chunk_of_brilliance":3,"minecraft:white_bed":1},"minecraft:custom":{"minecraft:interact_with_furnace":9,"lootr:looted_stat":16,"minecraft:mob_kills":25,"minecraft:interact_with_crafting_table":16,"goblintraders:trade_with_goblin":26,"minecraft:leave_game":5,"minecraft:time_since_death":1121,"minecraft:sleep_in_bed":5,"minecraft:climb_one_cm":3376,"minecraft:hex":0,"minecraft:time_since_rest":1154,"minecraft:sprint_one_cm":210838,"minecraft:damage_taken":5780,"minecraft:walk_one_cm":344257,"minecraft:damage_blocked_by_shield":1010,"minecraft:drop":15,"minecraft:damage_dealt":3048,"minecraft:swim_one_cm":4451,"minecraft:talked_to_villager":1,"minecraft:fly_one_cm":220294,"minecraft:player_kills":3,"minecraft:crouch_one_cm":19479,"minecraft:play_time":158679,"minecraft:deaths":18,"minecraft:sneak_time":7796,"minecraft:walk_under_water_one_cm":4320,"minecraft:jump":1293,"minecraft:walk_on_water_one_cm":5360,"minecraft:total_world_time":158679,"minecraft:fall_one_cm":41279,"minecraft:inspect_dispenser":1},"minecraft:dropped":{"minecraft:bread":8,"minecraft:wheat_seeds":1,"minecraft:diamond_axe":1,"minecraft:amethyst_block":2,"origins:orb_of_origin":1,"minecraft:wooden_sword":1,"minecraft:calcite":2,"ftbquests:book":1},"minecraft:killed":{"minecraft:cave_spider":2,"minecraft:zombie_villager":1,"minecraft:rabbit":1,"minecraft:spider":12,"minecraft:creeper":1,"minecraft:skeleton":3,"minecraft:zombie":3,"hybrid-aquatic:crayfish":2},"minecraft:used":{"minecraft:wheat_seeds":35,"minecraft:shield":21,"minecraft:wooden_pickaxe":11,"minecraft:green_bed":3,"regions_unexplored:barrel_cactus":1,"minecraft:rotten_flesh":25,"minecraft:sand":32,"minecraft:crafting_table":2,"minecraft:white_bed":1,"promenade:duck":1,"minecraft:diamond_pickaxe":188,"minecraft:smooth_basalt":1,"minecraft:stone_bricks":3,"minecraft:wooden_sword":74,"minecraft:cobblestone":7,"minecraft:potion":1,"minecraft:furnace":3,"minecraft:cobbled_deepslate":2,"tridents_n_stuff:iron_spear":10},"minecraft:mined":{"minecraft:tuff":5,"mythicmetals:platinum_ore":5,"promenade:blunite":1,"minecraft:crafting_table":1,"minecraft:calcite":2,"regions_unexplored:joshua_leaves":1,"minecraft:stone_brick_wall":1,"minecraft:melon":2,"regions_unexplored:small_desert_shrub":1,"minecraft:dead_bush":2,"malum:brilliant_deepslate":2,"galosphere:silver_ore":5,"minecraft:deepslate_coal_ore":6,"regions_unexplored:elephant_ear":1,"minecraft:tall_grass":3,"minecraft:cobblestone":1,"minecraft:deepslate_gold_ore":1,"farmersdelight:wild_tomatoes":1,"minecraft:sugar_cane":7,"minecraft:amethyst_block":2,"minecraft:spawner":1,"minerally:gold_rock":1,"minecraft:cobbled_deepslate":1,"minecraft:iron_ore":26,"minecraft:fire":3,"minecraft:wheat":37,"soulsweapons:moonstone_ore_deepslate":2,"minecraft:grass":6,"minecraft:deepslate_iron_ore":22,"bewitchment:salt_ore":1,"minecraft:coal_ore":43,"regions_unexplored:eucalyptus_log":1,"archon:earth_node":1,"minecraft:sand":31,"mythicmetals:morkite_ore":6,"minecraft:cobweb":7,"artifality:lunar_crystal_geode":1,"minecraft:smooth_basalt":2,"twigs:rhyolite":1,"minecraft:tripwire_hook":2,"minecraft:stone":28,"minecraft:gold_ore":5,"minecraft:deepslate":10,"regions_unexplored:barrel_cactus":1,"minecraft:green_bed":4,"minecraft:tripwire":4,"minecraft:fern":2},"minecraft:killed_by":{"minecraft:husk":1,"minecraft:zombified_piglin":1,"minecraft:skeleton":1,"minecraft:creeper":2,"minecraft:spider":5,"minecraft:zombie":2,"mobs_of_mythology:kobold_warrior":5},"minecraft:picked_up":{"minecraft:crafting_table":1,"minecraft:wheat":33,"minecraft:feather":2,"regions_unexplored:eucalyptus_log":3,"minecraft:tripwire_hook":2,"malum:cluster_of_brilliance":2,"soulsweapons:moonstone":2,"minecraft:stone_brick_wall":4,"paraglider:spirit_orb":2,"minecraft:tuff":5,"archon:earth_essence":1,"promenade:blunite":1,"minecraft:gunpowder":1,"regions_unexplored:eucalyptus_planks":2,"minecraft:amethyst_block":2,"minecraft:dirt":12,"mythicmetals:raw_platinum":6,"minecraft:string":24,"minecraft:raw_copper":2,"minecraft:wooden_sword":1,"minecraft:bone":6,"dungeonnowloading:spawner_fragment":3,"minecraft:stone_bricks":8,"minecraft:raw_gold":7,"minecraft:wheat_seeds":104,"minecraft:cobbled_deepslate":9,"minecraft:calcite":2,"galosphere:raw_silver":6,"minecraft:rabbit":1,"minecraft:melon_slice":9,"minecraft:sugar_cane":12,"minecraft:stick":3,"minecraft:raw_iron":48,"regions_unexplored:eucalyptus_sapling":1,"minecraft:smooth_basalt":2,"regions_unexplored:elephant_ear":1,"promenade:duck":1,"minecraft:torch":1,"hybrid-aquatic:raw_crayfish":2,"minecraft:green_bed":3,"regions_unexplored:barrel_cactus":1,"bewitchment:belladonna_seeds":1,"minecraft:sand":42,"farmersdelight:tomato_seeds":1,"mythicmetals:morkite":17,"minecraft:spider_eye":2,"minecraft:mossy_cobblestone":1,"minecraft:arrow":5,"minecraft:rotten_flesh":5,"minecraft:diamond":4,"knightquest:small_essence":4,"soulsweapons:verglas":1,"minecraft:bread":4,"twigs:rhyolite":1,"minecraft:coal":51,"minecraft:cobblestone":42}},"DataVersion":3465}