{"stats":{"minecraft:crafted":{"minecraft:crafting_table":1,"regions_unexplored:eucalyptus_planks":12},"minecraft:custom":{"minecraft:time_since_rest":306,"minecraft:sprint_one_cm":52695,"minecraft:damage_taken":931,"minecraft:walk_one_cm":163559,"minecraft:mob_kills":8,"minecraft:drop":2,"minecraft:damage_dealt":1066,"minecraft:interact_with_crafting_table":1,"minecraft:fly_one_cm":54497,"minecraft:player_kills":1,"minecraft:crouch_one_cm":11276,"minecraft:play_time":86679,"minecraft:deaths":5,"minecraft:sneak_time":3836,"minecraft:walk_under_water_one_cm":4286,"minecraft:jump":332,"minecraft:leave_game":5,"minecraft:walk_on_water_one_cm":3870,"minecraft:time_since_death":274,"minecraft:total_world_time":86679,"minecraft:hex":0,"minecraft:fall_one_cm":2266},"minecraft:dropped":{"origins:orb_of_origin":1,"minecraft:wooden_sword":1},"minecraft:killed":{"minecraft:zombie":1,"minecraft:zombie_villager":1,"minecraft:rabbit":1,"minecraft:spider":2,"minecraft:creeper":1,"hybrid-aquatic:crayfish":2},"minecraft:used":{"minecraft:wooden_sword":22,"minecraft:sand":32},"minecraft:mined":{"regions_unexplored:eucalyptus_log":1,"minecraft:sand":31,"minecraft:tall_grass":1},"minecraft:killed_by":{"minecraft:husk":1,"minecraft:spider":1,"mobs_of_mythology:kobold_warrior":3},"minecraft:picked_up":{"regions_unexplored:eucalyptus_sapling":1,"regions_unexplored:eucalyptus_log":3,"hybrid-aquatic:raw_crayfish":2,"minecraft:sand":42,"bewitchment:belladonna_seeds":1,"minecraft:gunpowder":1,"minecraft:string":3,"minecraft:spider_eye":1,"minecraft:wooden_sword":1,"minecraft:rotten_flesh":4,"knightquest:small_essence":1,"minecraft:rabbit":1}},"DataVersion":3465}