{"stats":{"minecraft:custom":{"minecraft:time_since_rest":16742,"minecraft:damage_taken":657,"minecraft:play_time":74679,"minecraft:crouch_one_cm":10986,"minecraft:sprint_one_cm":39774,"minecraft:walk_one_cm":155041,"minecraft:deaths":4,"minecraft:sneak_time":3699,"minecraft:walk_under_water_one_cm":4286,"minecraft:mob_kills":8,"minecraft:drop":2,"minecraft:jump":296,"minecraft:damage_dealt":1066,"minecraft:leave_game":5,"minecraft:time_since_death":16419,"minecraft:walk_on_water_one_cm":3870,"minecraft:total_world_time":74679,"minecraft:hex":0,"minecraft:player_kills":1,"minecraft:fall_one_cm":2266,"minecraft:fly_one_cm":48198},"minecraft:dropped":{"minecraft:wooden_sword":1,"origins:orb_of_origin":1},"minecraft:killed":{"minecraft:spider":2,"minecraft:rabbit":1,"minecraft:zombie":1,"minecraft:creeper":1,"minecraft:zombie_villager":1,"hybrid-aquatic:crayfish":2},"minecraft:used":{"minecraft:wooden_sword":22,"minecraft:sand":32},"minecraft:mined":{"minecraft:sand":31},"minecraft:killed_by":{"minecraft:husk":1,"minecraft:spider":1,"mobs_of_mythology:kobold_warrior":2},"minecraft:picked_up":{"minecraft:wooden_sword":1,"minecraft:rotten_flesh":4,"hybrid-aquatic:raw_crayfish":2,"knightquest:small_essence":1,"minecraft:sand":31,"minecraft:rabbit":1,"minecraft:gunpowder":1,"minecraft:spider_eye":1,"minecraft:string":3}},"DataVersion":3465}