{"stats":{"minecraft:broken":{"elemental_wizards_rpg:elemental_legs":1,"minecraft:wooden_sword":1,"elemental_wizards_rpg:elemental_head":1,"minecraft:golden_axe":1},"minecraft:crafted":{"mythicmetals:platinum_ingot":5,"inmis:baby_backpack":2,"minecraft:cooked_mutton":5,"minecraft:chest":2,"tridents_n_stuff:iron_spear":1,"minecraft:crafting_table":10,"minecraft:wooden_pickaxe":1,"regions_unexplored:pine_boat":1,"minecraft:iron_chestplate":1,"minecraft:diamond_pickaxe":1,"minecraft:shield":1,"minecraft:iron_ingot":59,"minecraft:gold_ingot":12,"malum:chunk_of_brilliance":3,"minecraft:shears":1,"minecraft:wooden_sword":1,"regions_unexplored:socotra_boat":3,"minecraft:furnace":3,"davespotioneering:white_umbrella":1,"simplyswords:iron_rapier":1,"mcdw:sword_katana":2,"minecraft:acacia_boat":3,"minecraft:bread":11,"minecraft:air":0,"regions_unexplored:eucalyptus_planks":12,"regions_unexplored:socotra_planks":60,"regions_unexplored:pine_planks":48,"minecraft:white_wool":12,"minecraft:white_bed":6,"minecraft:acacia_planks":32},"minecraft:custom":{"lootr:looted_stat":64,"minecraft:interact_with_crafting_table":51,"goblintraders:trade_with_goblin":27,"minecraft:bell_ring":8,"minecraft:leave_game":6,"minecraft:time_since_death":8035,"minecraft:sprint_one_cm":445567,"minecraft:damage_blocked_by_shield":1010,"minecraft:drop":93,"minecraft:talked_to_villager":1,"minecraft:play_time":318594,"minecraft:deaths":63,"minecraft:jump":2639,"minecraft:walk_on_water_one_cm":16526,"minecraft:interact_with_furnace":13,"minecraft:interact_with_cartography_table":2,"minecraft:sleep_in_bed":11,"minecraft:damage_dealt":9083,"minecraft:player_kills":6,"minecraft:crouch_one_cm":51137,"minecraft:inspect_dispenser":1,"minecraft:mob_kills":89,"minecraft:damage_dealt_resisted":1744,"minecraft:climb_one_cm":8067,"minecraft:walk_one_cm":585986,"minecraft:sneak_time":16221,"minecraft:walk_under_water_one_cm":67687,"minecraft:boat_one_cm":469385,"minecraft:total_world_time":318594,"minecraft:tune_noteblock":1,"minecraft:hex":0,"minecraft:time_since_rest":6052,"minecraft:damage_taken":19001,"minecraft:damage_absorbed":160,"minecraft:swim_one_cm":18369,"minecraft:fly_one_cm":517736,"minecraft:fall_one_cm":106363},"minecraft:dropped":{"archon:bubble_beam_tome":2,"minecraft:diamond_axe":1,"minecraft:crossbow":1,"minecraft:lantern":1,"minecraft:cut_sandstone_slab":1,"paraglider:spirit_orb":10,"minecraft:emerald":2,"minecraft:dirt":2,"basicweapons:iron_hammer":1,"elemental_wizards_rpg:elemental_feet":2,"regions_unexplored:socotra_planks":1,"vinery:taiga_grapes_white":2,"minecraft:wooden_sword":1,"immersive_armors:wooden_chestplate":1,"meadow:inky_wool":1,"minecraft:dark_oak_planks":1,"ftbquests:book":1,"minecraft:music_disc_stal":1,"minecraft:white_wool":54,"simplyswords:runic_tablet":1,"minecraft:cobbled_deepslate":1,"mcda:wolf_armor_boots":1,"meadow:patched_wool":1,"minecraft:white_bed":2,"minecraft:acacia_sapling":1,"minecraft:arrow":1,"minecraft:written_book":2,"meadow:flecked_wool":3,"minecraft:bread":31,"mcdw:sword_katana":2,"minecraft:oak_slab":9,"minecraft:wheat_seeds":8,"minecraft:dripstone_block":1,"clutter:copper_coin":11,"minecraft:diamond_leggings":1,"minecraft:feather":4,"minecraft:cobblestone":1,"inmis:baby_backpack":1,"minecraft:amethyst_block":2,"origins:orb_of_origin":1,"galosphere:raw_silver":1,"minecraft:torch":1,"regions_unexplored:socotra_sapling":1,"minecraft:diamond_helmet":1,"bewitchment:garlic":1,"minecraft:potion":1,"minecraft:green_carpet":2,"minecraft:string":2,"mcdar:tasty_bone":3,"qu-enchantments:rune_3":2,"galosphere:silver_nugget":2,"dungeonnowloading:spawner_fragment":11,"xtraarrows:bat_skin":2,"regions_unexplored:willow_log":1,"minecraft:iron_chestplate":1,"promenade:blueberries":5,"simplyswords:iron_spear":1,"minecraft:spider_eye":2,"minecraft:diamond_boots":1,"knightquest:small_essence":1,"minecraft:calcite":2,"hybrid-aquatic:raw_crayfish":2},"minecraft:killed":{"minecraft:cave_spider":2,"minecraft:spider":13,"minecraft:skeleton":8,"minecraft:illusioner":1,"livingthings:shark":1,"hybrid-aquatic:crayfish":2,"minecraft:parrot":9,"minecraft:zombie_villager":1,"minecraft:creeper":1,"minecraft:sheep":2,"minecraft:pillager":11,"minecraft:zombie":12,"minecraft:evoker":1,"minecraft:vindicator":4,"minecraft:husk":5,"minecraft:rabbit":1,"minecraft:hoglin":5,"mobs_of_mythology:kobold_warrior":3,"minecraft:player":3},"minecraft:used":{"minecraft:shield":21,"minecraft:rotten_flesh":43,"minecraft:mutton":2,"mobs_of_mythology:kobold_spear":46,"friendsandfoes:totem_of_illusion":1,"minecraft:lantern":1,"minecraft:stone_bricks":3,"minecraft:bow":2,"minecraft:written_book":3,"minecraft:furnace":3,"tridents_n_stuff:iron_spear":15,"minecraft:diamond_boots":5,"simplyswords:iron_rapier":139,"minecraft:wooden_pickaxe":11,"minecraft:diamond_axe":47,"regions_unexplored:barrel_cactus":1,"basicweapons:golden_quarterstaff":3,"minecraft:white_wool":86,"minecraft:sand":32,"minecraft:crossbow":1,"minecraft:shears":199,"regions_unexplored:pine_boat":1,"minecraft:string":1,"minecraft:wooden_sword":74,"regions_unexplored:socotra_boat":5,"minecraft:experience_bottle":1,"minecraft:iron_bars":1,"minecraft:acacia_log":2,"promenade:duck":1,"promenade:blueberries":3,"minecraft:totem_of_undying":2,"minecraft:smooth_basalt":1,"minecraft:cobbled_deepslate":2,"graveyard:yellow_urn":1,"minecraft:golden_axe":42,"minecraft:wheat_seeds":35,"minecraft:cooked_mutton":5,"minecraft:acacia_boat":4,"minecraft:green_bed":3,"minecraft:crafting_table":12,"minecraft:white_bed":5,"minecraft:diamond_pickaxe":250,"mcdw:sword_katana":2,"minecraft:enchanted_book":3,"minecraft:cobblestone":14,"minecraft:potion":1,"illagerinvasion:platinum_infused_hatchet":1},"minecraft:mined":{"minecraft:dark_oak_planks":6,"minecraft:cut_sandstone_slab":5,"minecraft:spruce_planks":1,"minecraft:white_bed":1,"minecraft:stone_brick_wall":1,"regions_unexplored:elephant_ear":1,"minecraft:sandstone_stairs":1,"minecraft:spawner":5,"minecraft:iron_ore":26,"minecraft:cobbled_deepslate":1,"minecraft:fire":19,"minecraft:smooth_sandstone_stairs":1,"minecraft:waxed_exposed_copper":1,"minecraft:tripwire":4,"minecraft:green_bed":4,"minecraft:sandstone_slab":4,"minecraft:cut_sandstone":2,"minecraft:orange_terracotta":1,"regions_unexplored:joshua_leaves":1,"minecraft:calcite":2,"minecraft:melon":2,"regions_unexplored:small_desert_shrub":4,"minecraft:dead_bush":3,"malum:brilliant_deepslate":2,"galosphere:silver_ore":5,"minecraft:cobblestone":1,"minecraft:sugar_cane":8,"minecraft:smooth_sandstone_slab":5,"minecraft:amethyst_block":2,"minecraft:blue_terracotta":2,"regions_unexplored:socotra_log":8,"minecraft:wheat":37,"minecraft:grass":11,"regions_unexplored:eucalyptus_log":1,"archon:earth_node":1,"minecraft:sand":31,"mythicmetals:morkite_ore":6,"artifality:lunar_crystal_geode":1,"minecraft:smooth_basalt":2,"twigs:rhyolite":1,"minecraft:tripwire_hook":2,"minecraft:deepslate":10,"minecraft:tuff":5,"minecraft:sandstone":8,"minecraft:waxed_weathered_copper":2,"minecraft:furnace":1,"treechop:chopped_log":3,"soulsweapons:moonstone_ore_deepslate":2,"minecraft:bookshelf":21,"minecraft:deepslate_iron_ore":22,"bewitchment:salt_ore":1,"minecraft:stripped_acacia_log":1,"regions_unexplored:medium_grass":1,"minecraft:stone":28,"minecraft:white_wool":199,"regions_unexplored:barrel_cactus":1,"minecraft:oak_slab":10,"mythicmetals:platinum_ore":5,"promenade:blunite":1,"minecraft:polished_granite":6,"minecraft:crafting_table":2,"minecraft:tall_grass":4,"minecraft:deepslate_coal_ore":6,"minecraft:deepslate_gold_ore":1,"farmersdelight:wild_tomatoes":1,"minerally:gold_rock":1,"regions_unexplored:steppe_shrub":6,"minecraft:coal_ore":43,"minecraft:cyan_carpet":1,"minecraft:dripstone_block":5,"minecraft:cobweb":8,"minecraft:terracotta":2,"minecraft:stripped_acacia_wood":1,"promenade:blueberry_bush":1,"minecraft:gold_ore":5,"minecraft:fern":2},"minecraft:killed_by":{"minecraft:evoker":2,"minecraft:zombified_piglin":1,"minecraft:creeper":2,"mobs_of_mythology:kobold_warrior":9,"minecraft:drowned":2,"minecraft:vindicator":7,"minecraft:zombie":9,"minecraft:illusioner":2,"minecraft:husk":1,"minecraft:player":1,"minecraft:spider":5,"minecraft:hoglin":4,"minecraft:skeleton":2,"livingthings:shark":2},"minecraft:picked_up":{"minecraft:wheat":33,"mobs_of_mythology:kobold_spear":2,"soulsweapons:moonstone":2,"minecraft:potion":1,"minecraft:wither_rose":7,"minecraft:enchanted_book":3,"xtraarrows:bat_skin":2,"regions_unexplored:eucalyptus_planks":2,"minecraft:amethyst_block":2,"minecraft:string":26,"minecraft:raw_copper":2,"minecraft:iron_leggings":3,"illagerinvasion:platinum_infused_hatchet":1,"minecraft:diamond_leggings":1,"minecraft:waxed_weathered_copper":3,"regions_unexplored:pine_log":12,"minecraft:cobbled_deepslate":9,"minecraft:calcite":2,"minecraft:melon_slice":9,"minecraft:furnace":1,"minecraft:stick":4,"regions_unexplored:elephant_ear":1,"minecraft:acacia_log":8,"minecraft:torch":1,"minecraft:green_bed":3,"regions_unexplored:barrel_cactus":1,"minecraft:porkchop":10,"minecraft:golden_axe":1,"graveyard:yellow_urn":1,"mythicmetals:morkite":17,"minecraft:golden_chestplate":1,"regions_unexplored:socotra_log":15,"minecraft:cactus":14,"minecraft:rotten_flesh":17,"qu-enchantments:rune_3":1,"minecraft:iron_bars":3,"minecraft:cobblestone":50,"minecraft:feather":6,"paraglider:spirit_orb":10,"minecraft:tuff":5,"minecraft:acacia_boat":1,"mythicmetals:raw_platinum":6,"minecraft:dirt":14,"minecraft:cut_sandstone_slab":2,"minecraft:lantern":2,"minecraft:bone":16,"minecraft:leather_boots":1,"mcdar:boots_of_swiftness":1,"minecraft:wheat_seeds":112,"minecraft:raw_gold":7,"minecraft:rabbit":1,"promenade:blueberries":8,"galosphere:raw_silver":6,"minecraft:waxed_exposed_copper":1,"promenade:duck":1,"minecraft:stripped_acacia_wood":1,"regions_unexplored:socotra_planks":1,"minecraft:sand":42,"minecraft:mossy_cobblestone":1,"galosphere:silver_nugget":2,"minecraft:stripped_acacia_log":1,"clutter:copper_coin":11,"minecraft:diamond":4,"minecraft:crossbow":1,"knightquest:small_essence":5,"minecraft:emerald":17,"regions_unexplored:willow_log":1,"soulsweapons:verglas":1,"minecraft:bread":4,"twigs:rhyolite":1,"minecraft:crafting_table":2,"meadow:flecked_wool":3,"minecraft:sandstone_slab":3,"vinery:taiga_grapes_white":2,"friendsandfoes:totem_of_illusion":1,"minecraft:stone_brick_wall":4,"minecraft:yellow_candle":9,"promenade:blunite":1,"minecraft:wooden_sword":1,"minecraft:flint_and_steel":1,"dungeonnowloading:spawner_fragment":14,"regions_unexplored:socotra_boat":2,"minecraft:sugar_cane":12,"minecraft:raw_iron":48,"minecraft:sandstone":33,"farmersdelight:tomato_seeds":1,"meadow:inky_wool":1,"minecraft:dark_oak_planks":1,"minecraft:smooth_sandstone_slab":2,"bewitchment:garlic":1,"minecraft:arrow":17,"minecraft:diamond_boots":1,"minecraft:sandstone_stairs":1,"minecraft:totem_of_undying":1,"minecraft:mutton":7,"minecraft:white_wool":182,"minecraft:bone_block":2,"regions_unexplored:eucalyptus_log":3,"minecraft:tripwire_hook":2,"minecraft:cut_sandstone":3,"minecraft:leather":3,"minecraft:music_disc_stal":1,"malum:cluster_of_brilliance":2,"archon:earth_essence":1,"elemental_wizards_rpg:elemental_feet":1,"minecraft:gunpowder":1,"mcdar:tasty_bone":2,"minecraft:stone_bricks":8,"meadow:patched_wool":1,"minecraft:cobweb":5,"minecraft:acacia_sapling":1,"minecraft:book":48,"minecraft:oak_slab":9,"regions_unexplored:eucalyptus_sapling":1,"minecraft:smooth_basalt":2,"archon:bubble_beam_tome":1,"hybrid-aquatic:raw_crayfish":2,"minecraft:dripstone_block":2,"bewitchment:belladonna_seeds":1,"minecraft:white_bed":1,"minecraft:green_carpet":2,"minecraft:spider_eye":2,"minecraft:leather_helmet":1,"regions_unexplored:socotra_sapling":1,"minecraft:diamond_axe":1,"minecraft:coal":55}},"DataVersion":3465}