{"stats":{"minecraft:custom":{"minecraft:time_since_rest":4742,"minecraft:damage_taken":657,"minecraft:play_time":62679,"minecraft:crouch_one_cm":10981,"minecraft:sprint_one_cm":28464,"minecraft:walk_one_cm":148215,"minecraft:deaths":4,"minecraft:sneak_time":3685,"minecraft:walk_under_water_one_cm":4286,"minecraft:mob_kills":8,"minecraft:drop":1,"minecraft:jump":263,"minecraft:damage_dealt":1066,"minecraft:leave_game":5,"minecraft:time_since_death":4419,"minecraft:walk_on_water_one_cm":3870,"minecraft:total_world_time":62679,"minecraft:hex":0,"minecraft:fall_one_cm":1999,"minecraft:fly_one_cm":37636},"minecraft:dropped":{"minecraft:wooden_sword":1},"minecraft:killed":{"minecraft:spider":2,"minecraft:rabbit":1,"minecraft:zombie":1,"minecraft:creeper":1,"minecraft:zombie_villager":1,"hybrid-aquatic:crayfish":2},"minecraft:used":{"minecraft:wooden_sword":22,"minecraft:sand":32},"minecraft:mined":{"minecraft:sand":31},"minecraft:killed_by":{"minecraft:husk":1,"minecraft:spider":1,"mobs_of_mythology:kobold_warrior":2},"minecraft:picked_up":{"minecraft:wooden_sword":1,"minecraft:rotten_flesh":4,"hybrid-aquatic:raw_crayfish":2,"knightquest:small_essence":1,"minecraft:sand":31,"minecraft:rabbit":1,"minecraft:gunpowder":1,"minecraft:spider_eye":1,"minecraft:string":3}},"DataVersion":3465}