{"stats":{"minecraft:broken":{"elemental_wizards_rpg:elemental_legs":1,"minecraft:wooden_sword":1,"elemental_wizards_rpg:elemental_head":1,"minecraft:golden_axe":1},"minecraft:crafted":{"minecraft:oak_planks":60,"mythicmetals:platinum_ingot":5,"inmis:baby_backpack":2,"minecraft:cooked_mutton":5,"minecraft:diamond_leggings":1,"minecraft:chest":2,"tridents_n_stuff:iron_spear":1,"minecraft:crafting_table":13,"minecraft:spruce_planks":16,"minecraft:wooden_pickaxe":1,"regions_unexplored:pine_boat":3,"minecraft:iron_chestplate":1,"minecraft:diamond_pickaxe":2,"minecraft:shield":1,"minecraft:iron_ingot":59,"minecraft:gold_ingot":12,"malum:chunk_of_brilliance":3,"minecraft:shears":1,"minecraft:wooden_sword":1,"regions_unexplored:socotra_boat":3,"minecraft:furnace":3,"davespotioneering:white_umbrella":1,"simplyswords:iron_rapier":1,"mcdw:sword_katana":2,"minecraft:acacia_boat":3,"minecraft:bread":11,"minecraft:air":0,"regions_unexplored:eucalyptus_planks":12,"minecraft:oak_boat":1,"regions_unexplored:socotra_planks":60,"regions_unexplored:pine_planks":48,"minecraft:white_wool":12,"minecraft:white_bed":6,"minecraft:acacia_planks":32,"minecraft:torch":12},"minecraft:custom":{"lootr:looted_stat":94,"minecraft:interact_with_crafting_table":64,"minecraft:open_barrel":2,"goblintraders:trade_with_goblin":27,"minecraft:bell_ring":8,"minecraft:leave_game":17,"minecraft:time_since_death":3898,"minecraft:sprint_one_cm":668528,"minecraft:damage_blocked_by_shield":1010,"minecraft:drop":183,"minecraft:talked_to_villager":4,"minecraft:play_time":533625,"minecraft:deaths":80,"minecraft:jump":3594,"minecraft:walk_on_water_one_cm":48962,"minecraft:interact_with_furnace":13,"minecraft:interact_with_cartography_table":2,"minecraft:sleep_in_bed":13,"minecraft:damage_dealt":38167,"minecraft:player_kills":7,"minecraft:crouch_one_cm":79596,"minecraft:inspect_dispenser":1,"minecraft:mob_kills":177,"minecraft:damage_dealt_resisted":1744,"minecraft:climb_one_cm":16152,"minecraft:walk_one_cm":801136,"minecraft:sneak_time":26605,"minecraft:walk_under_water_one_cm":202938,"minecraft:interact_with_lectern":1,"minecraft:boat_one_cm":1001543,"minecraft:total_world_time":533625,"minecraft:tune_noteblock":1,"minecraft:hex":0,"minecraft:time_since_rest":3931,"minecraft:damage_absorbed":160,"minecraft:damage_taken":26000,"minecraft:swim_one_cm":116692,"minecraft:fly_one_cm":759725,"minecraft:open_chest":3,"minecraft:aviate_one_cm":1451,"minecraft:fall_one_cm":138577},"minecraft:dropped":{"archon:bubble_beam_tome":2,"minecraft:diamond_axe":1,"minecraft:oak_log":1,"minecraft:diamond":23,"archon:mend_tome":1,"minecraft:crossbow":2,"minecraft:lantern":1,"minecraft:cut_sandstone_slab":1,"minecraft:leather_helmet":1,"paraglider:spirit_orb":12,"minecraft:cod":4,"minecraft:emerald":2,"minecraft:dirt":2,"basicweapons:iron_hammer":1,"elemental_wizards_rpg:elemental_feet":2,"davespotioneering:white_umbrella":1,"regions_unexplored:socotra_planks":1,"vinery:taiga_grapes_white":2,"minecraft:wooden_sword":1,"mcdar:boots_of_swiftness":1,"immersive_armors:wooden_chestplate":1,"meadow:inky_wool":1,"minecraft:dark_oak_planks":1,"clutter:silver_coin":1,"ftbquests:book":1,"minecraft:music_disc_stal":1,"minecraft:white_wool":54,"minecraft:bone":26,"simplyswords:runic_tablet":1,"simplyskills:malevolent_manuscript":1,"minecraft:cobbled_deepslate":1,"minecraft:rotten_flesh":36,"smallships:sail":1,"mcda:wolf_armor_boots":1,"basicweapons:iron_dagger":1,"meadow:patched_wool":1,"minecraft:white_bed":2,"minecraft:acacia_sapling":1,"minecraft:arrow":7,"minecraft:written_book":2,"meadow:flecked_wool":3,"mcdw:sword_katana":2,"minecraft:bread":31,"minecraft:oak_slab":9,"minecraft:wheat_seeds":8,"simplyswords:iron_greataxe":1,"minecraft:dripstone_block":1,"minecraft:diamond_leggings":1,"clutter:copper_coin":36,"minecraft:feather":4,"minecraft:cobblestone":1,"inmis:baby_backpack":1,"minecraft:amethyst_block":2,"mobs_of_mythology:kobold_spear":8,"minecraft:copper_ingot":1,"minecraft:grass_block":1,"origins:orb_of_origin":7,"galosphere:raw_silver":1,"basicweapons:diamond_dagger":1,"minecraft:torch":1,"regions_unexplored:socotra_sapling":1,"minecraft:diamond_helmet":1,"minecraft:potion":1,"minecraft:green_carpet":2,"bewitchment:garlic":1,"basicweapons:iron_club":3,"minecraft:string":2,"minecraft:acacia_planks":1,"mcdar:tasty_bone":3,"minecraft:bubble_coral":11,"qu-enchantments:rune_3":2,"galosphere:silver_nugget":2,"minecraft:shears":1,"dungeonnowloading:spawner_fragment":25,"xtraarrows:bat_skin":2,"regions_unexplored:willow_log":1,"livingthings:shark_tooth":1,"minecraft:diamond_chestplate":1,"minecraft:iron_chestplate":1,"bewitchment:ectoplasm":2,"promenade:blueberries":5,"minecraft:fire_coral":7,"minecraft:oak_sapling":1,"mythicmetals:raw_manganese":1,"simplyswords:iron_spear":1,"minecraft:spider_eye":2,"knightquest:small_essence":4,"minecraft:diamond_boots":2,"minecraft:slime_ball":2,"minecraft:calcite":2,"hybrid-aquatic:raw_crayfish":4},"minecraft:killed":{"minecraft:cave_spider":2,"minecraft:spider":14,"promenade:sunken_skeleton":7,"minecraft:skeleton":24,"minecraft:illusioner":1,"livingthings:shark":4,"hybrid-aquatic:crayfish":4,"minecraft:magma_cube":1,"minecraft:parrot":9,"minecraft:zombie_villager":1,"minecraft:creeper":2,"bewitchment:raven":2,"minecraft:sheep":2,"minecraft:pillager":13,"minecraft:zombie":28,"medievalorigins:summon_zombie":2,"minecraft:evoker":1,"minecraft:vindicator":4,"minecraft:slime":12,"minecraft:drowned":8,"minecraft:husk":5,"minecraft:rabbit":1,"mobs_of_mythology:kobold":2,"minecraft:hoglin":5,"mobs_of_mythology:kobold_warrior":8,"medievalorigins:summon_skeleton":7,"minecraft:player":4},"minecraft:used":{"minecraft:shield":21,"minecraft:rotten_flesh":55,"minecraft:iron_chestplate":2,"minecraft:mutton":2,"mobs_of_mythology:kobold_spear":78,"friendsandfoes:totem_of_illusion":1,"minecraft:lantern":1,"minecraft:grass_block":2,"minecraft:stone_bricks":3,"minecraft:bow":2,"minecraft:written_book":3,"minecraft:furnace":3,"tridents_n_stuff:iron_spear":15,"minecraft:diamond_boots":5,"simplyswords:iron_rapier":139,"minecraft:oak_planks":19,"minecraft:wooden_pickaxe":11,"regions_unexplored:barrel_cactus":1,"minecraft:diamond_axe":84,"minecraft:sugar_cane":2,"minecraft:golden_apple":1,"basicweapons:golden_quarterstaff":3,"minecraft:white_wool":122,"minecraft:sand":32,"minecraft:crossbow":1,"minecraft:shears":199,"regions_unexplored:pine_boat":4,"minecraft:string":2,"minecraft:bread":16,"minecraft:wooden_sword":74,"regions_unexplored:socotra_boat":5,"minecraft:oak_boat":1,"minecraft:experience_bottle":24,"minecraft:iron_bars":1,"minecraft:acacia_log":2,"basicweapons:diamond_dagger":326,"minecraft:spruce_planks":16,"minecraft:torch":6,"promenade:duck":1,"promenade:blueberries":3,"minecraft:totem_of_undying":2,"minecraft:smooth_basalt":1,"minecraft:diamond_chestplate":1,"minecraft:pumpkin":2,"minecraft:cobbled_deepslate":2,"graveyard:yellow_urn":1,"minecraft:golden_axe":42,"minecraft:wheat_seeds":35,"minecraft:cooked_mutton":5,"minecraft:acacia_boat":4,"minecraft:green_bed":3,"minecraft:rail":3,"minecraft:crafting_table":18,"simplyswords:iron_greataxe":16,"minecraft:white_bed":5,"bosses_of_mass_destruction:soul_star":1,"minecraft:oak_log":4,"minecraft:diamond_pickaxe":271,"mcdw:sword_katana":2,"minecraft:enchanted_book":3,"minecraft:cobblestone":14,"minecraft:potion":1,"illagerinvasion:platinum_infused_hatchet":1,"minecraft:porkchop":8,"minecraft:diamond_leggings":1,"regions_unexplored:pine_planks":1},"minecraft:mined":{"minecraft:dark_oak_planks":6,"minecraft:cut_sandstone_slab":5,"minecraft:spruce_planks":1,"minecraft:white_bed":1,"minecraft:stone_brick_wall":1,"regions_unexplored:elephant_ear":1,"minecraft:sandstone_stairs":1,"minecraft:spawner":12,"minecraft:iron_ore":26,"minecraft:cobbled_deepslate":1,"minecraft:fire":19,"minecraft:pumpkin":2,"minecraft:smooth_sandstone_stairs":1,"betterarcheology:loot_vase":1,"minecraft:waxed_exposed_copper":1,"minecraft:tripwire":4,"minecraft:green_bed":4,"minecraft:sandstone_slab":4,"minecraft:cut_sandstone":2,"minecraft:orange_terracotta":1,"vinery:red_grape_bush":1,"regions_unexplored:joshua_leaves":1,"minecraft:calcite":2,"minecraft:melon":2,"regions_unexplored:small_desert_shrub":4,"minecraft:dead_bush":3,"malum:brilliant_deepslate":2,"galosphere:silver_ore":5,"minecraft:cobblestone":1,"minecraft:slime_block":2,"minecraft:sugar_cane":9,"minecraft:smooth_sandstone_slab":5,"minecraft:amethyst_block":2,"minecraft:blue_terracotta":2,"regions_unexplored:socotra_log":8,"mythicmetals:aquarium_ore":7,"minecraft:wheat":37,"minecraft:grass":13,"regions_unexplored:eucalyptus_log":1,"archon:earth_node":1,"minecraft:loom":1,"minecraft:sand":31,"mythicmetals:morkite_ore":6,"artifality:lunar_crystal_geode":1,"minecraft:smooth_basalt":2,"twigs:rhyolite":1,"minecraft:tripwire_hook":2,"minecraft:deepslate":10,"minecraft:tuff":5,"regions_unexplored:willow_leaves":2,"minecraft:sandstone":8,"minecraft:waxed_weathered_copper":2,"minecraft:furnace":1,"minecraft:stripped_spruce_log":5,"treechop:chopped_log":4,"minecraft:peony":1,"soulsweapons:moonstone_ore_deepslate":2,"minecraft:bookshelf":21,"minecraft:deepslate_iron_ore":22,"bewitchment:salt_ore":1,"minecraft:stripped_acacia_log":1,"regions_unexplored:medium_grass":2,"minecraft:stone":33,"minecraft:white_wool":199,"regions_unexplored:barrel_cactus":1,"minecraft:oak_slab":10,"mythicmetals:platinum_ore":5,"promenade:blunite":1,"minecraft:polished_granite":6,"minecraft:crafting_table":5,"minecraft:oak_wood":9,"minecraft:tall_grass":4,"minecraft:deepslate_coal_ore":6,"farmersdelight:wild_tomatoes":1,"minecraft:deepslate_gold_ore":1,"minerally:gold_rock":1,"regions_unexplored:steppe_shrub":6,"minecraft:coal_ore":43,"minecraft:gravel":1,"minecraft:cyan_carpet":1,"minecraft:dripstone_block":5,"minecraft:cobweb":8,"minecraft:terracotta":2,"minecraft:stripped_acacia_wood":1,"promenade:blueberry_bush":1,"minecraft:gold_ore":5,"minecraft:fern":3},"minecraft:killed_by":{"minecraft:evoker":2,"minecraft:zombified_piglin":1,"minecraft:creeper":2,"mobs_of_mythology:kobold_warrior":12,"minecraft:drowned":3,"minecraft:vindicator":7,"minecraft:zombie":10,"minecraft:illusioner":2,"minecraft:husk":1,"minecraft:player":3,"minecraft:spider":5,"minecraft:hoglin":4,"mutantmonsters:mutant_skeleton":1,"minecraft:skeleton":3,"livingthings:shark":3},"minecraft:picked_up":{"minecraft:wheat":33,"mobs_of_mythology:kobold_spear":10,"soulsweapons:moonstone":2,"minecraft:potion":1,"minecraft:wither_rose":7,"minecraft:enchanted_book":3,"xtraarrows:bat_skin":2,"regions_unexplored:eucalyptus_planks":2,"minecraft:amethyst_block":2,"minecraft:string":27,"mythicmetals:raw_aquarium":8,"minecraft:raw_copper":2,"minecraft:iron_leggings":3,"illagerinvasion:platinum_infused_hatchet":1,"minecraft:diamond_leggings":1,"minecraft:cobbled_deepslate":9,"regions_unexplored:pine_log":12,"minecraft:waxed_weathered_copper":3,"bosses_of_mass_destruction:soul_star":1,"minecraft:bubble_coral":11,"minecraft:calcite":2,"minecraft:melon_slice":9,"minecraft:furnace":1,"minecraft:spruce_pressure_plate":1,"minecraft:stick":60,"regions_unexplored:elephant_ear":1,"minecraft:torch":2,"minecraft:acacia_log":8,"minecraft:green_bed":3,"regions_unexplored:barrel_cactus":1,"minecraft:porkchop":10,"minecraft:golden_axe":1,"graveyard:yellow_urn":1,"mythicmetals:morkite":17,"minecraft:golden_chestplate":1,"regions_unexplored:socotra_log":15,"minecraft:cactus":14,"minecraft:rotten_flesh":43,"mythicmetals:raw_manganese":1,"livingthings:shark_tooth":1,"qu-enchantments:rune_3":1,"minecraft:cod":4,"minecraft:iron_bars":3,"minecraft:cobblestone":50,"minecraft:feather":6,"paraglider:spirit_orb":20,"minecraft:flint":1,"minecraft:tuff":5,"clutter:silver_coin":1,"minecraft:acacia_boat":1,"mythicmetals:raw_platinum":6,"minecraft:dirt":14,"minecraft:cut_sandstone_slab":2,"minecraft:lantern":2,"basicweapons:iron_club":2,"minecraft:bone":42,"minecraft:leather_boots":1,"mcdar:boots_of_swiftness":1,"basicweapons:diamond_dagger":3,"minecraft:bow":1,"minecraft:wheat_seeds":112,"minecraft:raw_gold":7,"twigs:twig":1,"minecraft:rabbit":1,"promenade:blueberries":8,"galosphere:raw_silver":6,"regions_unexplored:pine_boat":1,"minecraft:waxed_exposed_copper":1,"promenade:duck":1,"minecraft:stripped_acacia_wood":1,"regions_unexplored:socotra_planks":1,"minecraft:sand":42,"minecraft:stripped_spruce_log":5,"minecraft:mossy_cobblestone":1,"galosphere:silver_nugget":2,"minecraft:stripped_acacia_log":1,"clutter:copper_coin":36,"minecraft:diamond":4,"minecraft:slime_block":2,"minecraft:crossbow":2,"knightquest:small_essence":10,"minecraft:emerald":36,"regions_unexplored:willow_log":1,"soulsweapons:verglas":1,"minecraft:bread":20,"bewitchment:ectoplasm":2,"minecraft:oak_sapling":1,"twigs:rhyolite":1,"meadow:flecked_wool":3,"minecraft:crafting_table":5,"minecraft:sandstone_slab":3,"vinery:taiga_grapes_white":2,"friendsandfoes:totem_of_illusion":1,"minecraft:stone_brick_wall":4,"minecraft:yellow_candle":9,"promenade:blunite":1,"minecraft:fire_coral":7,"minecraft:wooden_sword":1,"minecraft:flint_and_steel":1,"dungeonnowloading:spawner_fragment":28,"smallships:sail":1,"regions_unexplored:socotra_boat":2,"minecraft:sugar_cane":14,"minecraft:raw_iron":48,"minecraft:sandstone":33,"minecraft:copper_ingot":1,"farmersdelight:tomato_seeds":1,"origins:orb_of_origin":2,"meadow:inky_wool":1,"minecraft:dark_oak_planks":1,"minecraft:smooth_sandstone_slab":2,"bewitchment:garlic":1,"minecraft:arrow":38,"minecraft:diamond_boots":2,"minecraft:sandstone_stairs":1,"minecraft:totem_of_undying":1,"minecraft:mutton":7,"minecraft:bone_block":2,"minecraft:rail":4,"minecraft:white_wool":182,"regions_unexplored:eucalyptus_log":3,"minecraft:tripwire_hook":2,"minecraft:cut_sandstone":3,"minecraft:leather":3,"minecraft:music_disc_stal":1,"malum:cluster_of_brilliance":2,"archon:earth_essence":1,"minecraft:oak_log":8,"elemental_wizards_rpg:elemental_feet":1,"minecraft:gunpowder":3,"bewitchment:aconite_seeds":1,"mcdar:tasty_bone":2,"minecraft:stone_bricks":8,"meadow:patched_wool":1,"minecraft:cobweb":5,"minecraft:acacia_sapling":1,"minecraft:book":48,"minecraft:oak_slab":9,"regions_unexplored:eucalyptus_sapling":1,"minecraft:smooth_basalt":2,"archon:bubble_beam_tome":1,"minecraft:pumpkin":2,"simplyswords:iron_greataxe":1,"runes:arcane_stone":16,"hybrid-aquatic:raw_crayfish":4,"minecraft:dripstone_block":2,"minecraft:gravel":1,"bewitchment:belladonna_seeds":1,"minecraft:white_bed":1,"minecraft:green_carpet":2,"minecraft:spider_eye":2,"minecraft:leather_helmet":1,"minecraft:oak_wood":9,"minecraft:slime_ball":6,"regions_unexplored:socotra_sapling":1,"minecraft:diamond_axe":2,"minecraft:coal":55}},"DataVersion":3465}