{"stats":{"minecraft:broken":{"minecraft:wooden_sword":1},"minecraft:crafted":{"minecraft:wooden_sword":1,"mythicmetals:platinum_ingot":5,"regions_unexplored:socotra_boat":3,"minecraft:furnace":3,"davespotioneering:white_umbrella":1,"minecraft:cooked_mutton":5,"tridents_n_stuff:iron_spear":1,"minecraft:crafting_table":4,"minecraft:wooden_pickaxe":1,"minecraft:acacia_boat":1,"minecraft:bread":11,"minecraft:air":0,"regions_unexplored:eucalyptus_planks":12,"regions_unexplored:socotra_planks":40,"minecraft:white_wool":12,"minecraft:diamond_pickaxe":1,"minecraft:shield":1,"minecraft:iron_ingot":59,"minecraft:gold_ingot":12,"minecraft:white_bed":4,"malum:chunk_of_brilliance":3,"minecraft:acacia_planks":24},"minecraft:custom":{"lootr:looted_stat":17,"minecraft:mob_kills":27,"minecraft:interact_with_crafting_table":29,"goblintraders:trade_with_goblin":27,"minecraft:damage_dealt_resisted":1724,"minecraft:leave_game":5,"minecraft:time_since_death":4509,"minecraft:climb_one_cm":3376,"minecraft:sprint_one_cm":248503,"minecraft:walk_one_cm":369209,"minecraft:damage_blocked_by_shield":1010,"minecraft:drop":39,"minecraft:talked_to_villager":1,"minecraft:play_time":182679,"minecraft:deaths":21,"minecraft:sneak_time":8160,"minecraft:walk_under_water_one_cm":4478,"minecraft:boat_one_cm":66580,"minecraft:jump":1529,"minecraft:walk_on_water_one_cm":6361,"minecraft:total_world_time":182679,"minecraft:interact_with_furnace":13,"minecraft:sleep_in_bed":6,"minecraft:hex":0,"minecraft:time_since_rest":4539,"minecraft:damage_taken":6403,"minecraft:damage_dealt":3140,"minecraft:swim_one_cm":5268,"minecraft:fly_one_cm":285358,"minecraft:player_kills":3,"minecraft:crouch_one_cm":21151,"minecraft:inspect_dispenser":1,"minecraft:fall_one_cm":51087},"minecraft:dropped":{"minecraft:bread":8,"minecraft:wheat_seeds":4,"minecraft:diamond_axe":1,"minecraft:cobblestone":1,"minecraft:amethyst_block":2,"minecraft:emerald":2,"origins:orb_of_origin":1,"galosphere:raw_silver":1,"minecraft:torch":1,"regions_unexplored:socotra_planks":1,"regions_unexplored:socotra_sapling":1,"bewitchment:garlic":1,"minecraft:wooden_sword":1,"immersive_armors:wooden_chestplate":1,"minecraft:string":2,"ftbquests:book":1,"minecraft:cobbled_deepslate":1,"minecraft:white_bed":2,"minecraft:acacia_sapling":1,"minecraft:spider_eye":2,"minecraft:arrow":1,"minecraft:calcite":2,"hybrid-aquatic:raw_crayfish":2,"meadow:flecked_wool":3},"minecraft:killed":{"minecraft:evoker":1,"minecraft:cave_spider":2,"minecraft:spider":12,"minecraft:skeleton":3,"hybrid-aquatic:crayfish":2,"minecraft:zombie_villager":1,"minecraft:rabbit":1,"minecraft:creeper":1,"minecraft:sheep":1,"minecraft:zombie":3},"minecraft:used":{"minecraft:acacia_log":2,"minecraft:shield":21,"minecraft:rotten_flesh":25,"promenade:duck":1,"minecraft:stone_bricks":3,"minecraft:smooth_basalt":1,"minecraft:furnace":3,"minecraft:cobbled_deepslate":2,"tridents_n_stuff:iron_spear":12,"minecraft:wheat_seeds":35,"minecraft:cooked_mutton":3,"minecraft:acacia_boat":1,"minecraft:wooden_pickaxe":11,"minecraft:diamond_axe":29,"minecraft:green_bed":3,"regions_unexplored:barrel_cactus":1,"minecraft:sand":32,"minecraft:crafting_table":6,"minecraft:white_bed":2,"minecraft:diamond_pickaxe":191,"minecraft:wooden_sword":74,"minecraft:potion":1,"minecraft:cobblestone":7,"regions_unexplored:socotra_boat":5,"minecraft:experience_bottle":1},"minecraft:mined":{"minecraft:tuff":5,"minecraft:stone_brick_wall":1,"regions_unexplored:elephant_ear":1,"minecraft:spawner":1,"minecraft:furnace":1,"minecraft:iron_ore":26,"minecraft:fire":3,"minecraft:cobbled_deepslate":1,"treechop:chopped_log":2,"soulsweapons:moonstone_ore_deepslate":2,"minecraft:deepslate_iron_ore":22,"bewitchment:salt_ore":1,"minecraft:stone":28,"minecraft:tripwire":4,"minecraft:green_bed":4,"regions_unexplored:barrel_cactus":1,"mythicmetals:platinum_ore":5,"promenade:blunite":1,"minecraft:crafting_table":2,"regions_unexplored:joshua_leaves":1,"minecraft:calcite":2,"minecraft:melon":2,"regions_unexplored:small_desert_shrub":3,"minecraft:dead_bush":2,"malum:brilliant_deepslate":2,"galosphere:silver_ore":5,"minecraft:tall_grass":4,"minecraft:cobblestone":1,"minecraft:deepslate_coal_ore":6,"farmersdelight:wild_tomatoes":1,"minecraft:deepslate_gold_ore":1,"minecraft:sugar_cane":8,"minecraft:amethyst_block":2,"minerally:gold_rock":1,"regions_unexplored:socotra_log":8,"regions_unexplored:steppe_shrub":4,"minecraft:wheat":37,"minecraft:grass":7,"minecraft:coal_ore":43,"regions_unexplored:eucalyptus_log":1,"archon:earth_node":1,"minecraft:sand":31,"mythicmetals:morkite_ore":6,"minecraft:cobweb":7,"artifality:lunar_crystal_geode":1,"minecraft:smooth_basalt":2,"twigs:rhyolite":1,"minecraft:tripwire_hook":2,"minecraft:gold_ore":5,"minecraft:deepslate":10,"minecraft:fern":2},"minecraft:killed_by":{"minecraft:husk":1,"minecraft:evoker":2,"minecraft:zombified_piglin":1,"minecraft:creeper":2,"minecraft:spider":5,"mobs_of_mythology:kobold_warrior":5,"minecraft:skeleton":1,"minecraft:zombie":2},"minecraft:picked_up":{"meadow:flecked_wool":3,"minecraft:crafting_table":2,"minecraft:wheat":33,"minecraft:stone_brick_wall":4,"soulsweapons:moonstone":2,"minecraft:enchanted_book":2,"promenade:blunite":1,"regions_unexplored:eucalyptus_planks":2,"minecraft:amethyst_block":2,"minecraft:string":24,"minecraft:raw_copper":2,"minecraft:wooden_sword":1,"minecraft:flint_and_steel":1,"dungeonnowloading:spawner_fragment":3,"minecraft:cobbled_deepslate":9,"minecraft:calcite":2,"regions_unexplored:socotra_boat":2,"minecraft:melon_slice":9,"minecraft:sugar_cane":12,"minecraft:furnace":1,"minecraft:raw_iron":48,"minecraft:stick":3,"regions_unexplored:elephant_ear":1,"minecraft:acacia_log":8,"minecraft:torch":1,"minecraft:green_bed":3,"regions_unexplored:barrel_cactus":1,"minecraft:golden_axe":1,"farmersdelight:tomato_seeds":1,"mythicmetals:morkite":17,"minecraft:golden_chestplate":1,"regions_unexplored:socotra_log":15,"bewitchment:garlic":1,"minecraft:arrow":5,"minecraft:rotten_flesh":5,"minecraft:totem_of_undying":1,"minecraft:mutton":5,"minecraft:cobblestone":50,"minecraft:feather":2,"regions_unexplored:eucalyptus_log":3,"minecraft:tripwire_hook":2,"malum:cluster_of_brilliance":2,"paraglider:spirit_orb":2,"minecraft:tuff":5,"archon:earth_essence":1,"minecraft:gunpowder":1,"mythicmetals:raw_platinum":6,"minecraft:dirt":12,"minecraft:bone":6,"minecraft:stone_bricks":8,"minecraft:wheat_seeds":107,"minecraft:raw_gold":7,"minecraft:rabbit":1,"galosphere:raw_silver":6,"minecraft:acacia_sapling":1,"regions_unexplored:eucalyptus_sapling":1,"minecraft:smooth_basalt":2,"promenade:duck":1,"hybrid-aquatic:raw_crayfish":2,"regions_unexplored:socotra_planks":1,"minecraft:sand":42,"bewitchment:belladonna_seeds":1,"minecraft:spider_eye":2,"minecraft:mossy_cobblestone":1,"minecraft:diamond":4,"regions_unexplored:socotra_sapling":1,"knightquest:small_essence":4,"minecraft:emerald":2,"soulsweapons:verglas":1,"minecraft:bread":4,"twigs:rhyolite":1,"minecraft:coal":51}},"DataVersion":3465}