{"stats":{"minecraft:used":{"minecraft:wooden_sword":21,"minecraft:sand":5},"minecraft:picked_up":{"minecraft:rotten_flesh":4,"hybrid-aquatic:raw_crayfish":2,"knightquest:small_essence":1,"minecraft:rabbit":1,"minecraft:gunpowder":1,"minecraft:spider_eye":1,"minecraft:string":2},"minecraft:custom":{"minecraft:time_since_rest":29663,"minecraft:crouch_one_cm":6339,"minecraft:play_time":29663,"minecraft:sprint_one_cm":8188,"minecraft:damage_taken":50,"minecraft:walk_one_cm":98712,"minecraft:sneak_time":2298,"minecraft:walk_under_water_one_cm":1424,"minecraft:mob_kills":7,"minecraft:jump":119,"minecraft:damage_dealt":980,"minecraft:time_since_death":29663,"minecraft:walk_on_water_one_cm":2732,"minecraft:total_world_time":29663,"minecraft:hex":0,"minecraft:fly_one_cm":18094},"minecraft:killed":{"minecraft:rabbit":1,"minecraft:spider":1,"minecraft:zombie":1,"minecraft:creeper":1,"minecraft:zombie_villager":1,"hybrid-aquatic:crayfish":2}},"DataVersion":3465}