{"stats":{"minecraft:used":{"minecraft:wooden_sword":18},"minecraft:picked_up":{"minecraft:rotten_flesh":4,"hybrid-aquatic:raw_crayfish":1,"knightquest:small_essence":1,"minecraft:gunpowder":1,"minecraft:spider_eye":1,"minecraft:string":2},"minecraft:custom":{"minecraft:time_since_rest":17663,"minecraft:crouch_one_cm":3505,"minecraft:play_time":17663,"minecraft:sprint_one_cm":1182,"minecraft:walk_one_cm":39385,"minecraft:sneak_time":1348,"minecraft:walk_under_water_one_cm":1365,"minecraft:mob_kills":5,"minecraft:jump":53,"minecraft:damage_dealt":731,"minecraft:time_since_death":17663,"minecraft:walk_on_water_one_cm":1919,"minecraft:total_world_time":17663,"minecraft:hex":0,"minecraft:fly_one_cm":5723},"minecraft:killed":{"minecraft:spider":1,"minecraft:zombie":1,"minecraft:creeper":1,"minecraft:zombie_villager":1,"hybrid-aquatic:crayfish":1}},"DataVersion":3465}