{"stats":{"minecraft:broken":{"minecraft:wooden_sword":1},"minecraft:crafted":{"minecraft:wooden_sword":1,"mythicmetals:platinum_ingot":5,"tridents_n_stuff:iron_spear":1,"minecraft:crafting_table":1,"minecraft:wooden_pickaxe":1,"minecraft:furnace":3,"minecraft:bread":11,"minecraft:air":0,"regions_unexplored:eucalyptus_planks":12,"minecraft:white_wool":11,"minecraft:diamond_pickaxe":1,"minecraft:iron_ingot":25,"malum:chunk_of_brilliance":3,"minecraft:white_bed":1},"minecraft:custom":{"minecraft:interact_with_furnace":8,"lootr:looted_stat":10,"minecraft:mob_kills":22,"minecraft:interact_with_crafting_table":16,"goblintraders:trade_with_goblin":6,"minecraft:leave_game":5,"minecraft:time_since_death":8029,"minecraft:sleep_in_bed":5,"minecraft:climb_one_cm":3376,"minecraft:hex":0,"minecraft:time_since_rest":2901,"minecraft:sprint_one_cm":164685,"minecraft:damage_taken":5272,"minecraft:walk_one_cm":317974,"minecraft:damage_blocked_by_shield":830,"minecraft:drop":14,"minecraft:damage_dealt":2952,"minecraft:swim_one_cm":4451,"minecraft:talked_to_villager":1,"minecraft:fly_one_cm":187395,"minecraft:player_kills":3,"minecraft:crouch_one_cm":17809,"minecraft:play_time":146679,"minecraft:deaths":16,"minecraft:sneak_time":6964,"minecraft:walk_under_water_one_cm":4320,"minecraft:jump":1080,"minecraft:walk_on_water_one_cm":5360,"minecraft:total_world_time":146679,"minecraft:fall_one_cm":34586,"minecraft:inspect_dispenser":1},"minecraft:dropped":{"minecraft:bread":8,"minecraft:wheat_seeds":1,"minecraft:amethyst_block":2,"origins:orb_of_origin":1,"minecraft:wooden_sword":1,"minecraft:calcite":2,"ftbquests:book":1},"minecraft:killed":{"minecraft:cave_spider":2,"minecraft:zombie_villager":1,"minecraft:rabbit":1,"minecraft:spider":12,"minecraft:creeper":1,"minecraft:skeleton":1,"minecraft:zombie":2,"hybrid-aquatic:crayfish":2},"minecraft:used":{"minecraft:wheat_seeds":35,"minecraft:shield":16,"minecraft:wooden_pickaxe":11,"minecraft:green_bed":3,"regions_unexplored:barrel_cactus":1,"minecraft:rotten_flesh":18,"minecraft:sand":32,"minecraft:crafting_table":2,"minecraft:white_bed":1,"promenade:duck":1,"minecraft:diamond_pickaxe":111,"minecraft:stone_bricks":3,"minecraft:wooden_sword":74,"minecraft:cobblestone":7,"minecraft:potion":1,"minecraft:furnace":3,"tridents_n_stuff:iron_spear":1},"minecraft:mined":{"minecraft:tuff":5,"mythicmetals:platinum_ore":5,"minecraft:crafting_table":1,"minecraft:calcite":2,"regions_unexplored:joshua_leaves":1,"minecraft:stone_brick_wall":1,"minecraft:melon":2,"regions_unexplored:small_desert_shrub":1,"minecraft:dead_bush":2,"malum:brilliant_deepslate":2,"galosphere:silver_ore":5,"regions_unexplored:elephant_ear":1,"minecraft:tall_grass":3,"minecraft:cobblestone":1,"farmersdelight:wild_tomatoes":1,"minecraft:sugar_cane":7,"minecraft:amethyst_block":2,"minecraft:spawner":1,"minecraft:iron_ore":12,"minecraft:fire":3,"minecraft:wheat":37,"soulsweapons:moonstone_ore_deepslate":2,"minecraft:grass":6,"minecraft:deepslate_iron_ore":7,"bewitchment:salt_ore":1,"minecraft:coal_ore":29,"regions_unexplored:eucalyptus_log":1,"archon:earth_node":1,"minecraft:sand":31,"mythicmetals:morkite_ore":6,"minecraft:cobweb":7,"artifality:lunar_crystal_geode":1,"minecraft:smooth_basalt":2,"minecraft:tripwire_hook":2,"minecraft:stone":13,"minecraft:deepslate":7,"regions_unexplored:barrel_cactus":1,"minecraft:green_bed":4,"minecraft:tripwire":4,"minecraft:fern":2},"minecraft:killed_by":{"minecraft:husk":1,"minecraft:zombified_piglin":1,"minecraft:creeper":2,"minecraft:spider":5,"minecraft:zombie":2,"mobs_of_mythology:kobold_warrior":5},"minecraft:picked_up":{"minecraft:crafting_table":1,"minecraft:wheat":33,"minecraft:feather":2,"regions_unexplored:eucalyptus_log":3,"minecraft:tripwire_hook":2,"malum:cluster_of_brilliance":2,"soulsweapons:moonstone":2,"minecraft:stone_brick_wall":4,"paraglider:spirit_orb":2,"minecraft:tuff":5,"archon:earth_essence":1,"minecraft:gunpowder":1,"regions_unexplored:eucalyptus_planks":2,"minecraft:amethyst_block":2,"minecraft:dirt":12,"mythicmetals:raw_platinum":6,"minecraft:string":24,"minecraft:raw_copper":2,"minecraft:wooden_sword":1,"minecraft:bone":2,"dungeonnowloading:spawner_fragment":3,"minecraft:stone_bricks":8,"minecraft:wheat_seeds":104,"minecraft:cobbled_deepslate":6,"minecraft:calcite":2,"galosphere:raw_silver":5,"minecraft:rabbit":1,"minecraft:melon_slice":9,"minecraft:sugar_cane":12,"minecraft:stick":3,"minecraft:raw_iron":19,"regions_unexplored:eucalyptus_sapling":1,"minecraft:smooth_basalt":2,"regions_unexplored:elephant_ear":1,"promenade:duck":1,"hybrid-aquatic:raw_crayfish":2,"minecraft:green_bed":3,"regions_unexplored:barrel_cactus":1,"bewitchment:belladonna_seeds":1,"minecraft:sand":42,"farmersdelight:tomato_seeds":1,"mythicmetals:morkite":17,"minecraft:spider_eye":2,"minecraft:mossy_cobblestone":1,"minecraft:arrow":4,"minecraft:rotten_flesh":4,"minecraft:diamond":4,"knightquest:small_essence":4,"minecraft:bread":4,"minecraft:coal":31,"minecraft:cobblestone":27}},"DataVersion":3465}