{"stats":{"minecraft:mined":{"minecraft:sand":27},"minecraft:used":{"minecraft:wooden_sword":22,"minecraft:sand":32},"minecraft:picked_up":{"minecraft:wooden_sword":1,"minecraft:rotten_flesh":4,"hybrid-aquatic:raw_crayfish":2,"knightquest:small_essence":1,"minecraft:sand":27,"minecraft:rabbit":1,"minecraft:gunpowder":1,"minecraft:spider_eye":1,"minecraft:string":3},"minecraft:custom":{"minecraft:time_since_rest":4458,"minecraft:crouch_one_cm":10087,"minecraft:play_time":39061,"minecraft:sprint_one_cm":12398,"minecraft:deaths":1,"minecraft:damage_taken":161,"minecraft:walk_one_cm":127449,"minecraft:sneak_time":3387,"minecraft:walk_under_water_one_cm":1424,"minecraft:mob_kills":8,"minecraft:drop":1,"minecraft:jump":177,"minecraft:damage_dealt":1066,"minecraft:time_since_death":4421,"minecraft:walk_on_water_one_cm":2732,"minecraft:total_world_time":39061,"minecraft:hex":0,"minecraft:fall_one_cm":478,"minecraft:fly_one_cm":23515},"minecraft:killed":{"minecraft:rabbit":1,"minecraft:spider":2,"minecraft:zombie":1,"minecraft:creeper":1,"minecraft:zombie_villager":1,"hybrid-aquatic:crayfish":2},"minecraft:killed_by":{"minecraft:spider":1},"minecraft:dropped":{"minecraft:wooden_sword":1}},"DataVersion":3465}