{"stats":{"minecraft:crafted":{"minecraft:crafting_table":1,"minecraft:bread":11,"regions_unexplored:eucalyptus_planks":12},"minecraft:custom":{"minecraft:time_since_rest":207,"lootr:looted_stat":4,"minecraft:sprint_one_cm":96226,"minecraft:damage_taken":2729,"minecraft:walk_one_cm":200256,"minecraft:damage_blocked_by_shield":270,"minecraft:mob_kills":9,"minecraft:drop":10,"minecraft:damage_dealt":1245,"minecraft:talked_to_villager":1,"minecraft:swim_one_cm":4451,"minecraft:interact_with_crafting_table":2,"minecraft:fly_one_cm":97493,"minecraft:player_kills":1,"minecraft:crouch_one_cm":12059,"minecraft:play_time":98679,"minecraft:deaths":8,"minecraft:sneak_time":4188,"minecraft:walk_under_water_one_cm":4286,"minecraft:jump":559,"minecraft:leave_game":5,"minecraft:walk_on_water_one_cm":3870,"minecraft:time_since_death":0,"minecraft:sleep_in_bed":1,"minecraft:climb_one_cm":2255,"minecraft:total_world_time":98679,"minecraft:hex":0,"minecraft:fall_one_cm":9611},"minecraft:dropped":{"minecraft:bread":8,"origins:orb_of_origin":1,"minecraft:wooden_sword":1},"minecraft:killed":{"minecraft:zombie":2,"minecraft:zombie_villager":1,"minecraft:rabbit":1,"minecraft:spider":2,"minecraft:creeper":1,"hybrid-aquatic:crayfish":2},"minecraft:used":{"minecraft:wheat_seeds":35,"minecraft:shield":5,"minecraft:rotten_flesh":3,"minecraft:wooden_sword":22,"minecraft:sand":32,"minecraft:potion":1},"minecraft:mined":{"minecraft:wheat":37,"minecraft:grass":4,"minecraft:melon":2,"regions_unexplored:eucalyptus_log":1,"minecraft:dead_bush":2,"minecraft:sand":31,"minecraft:tall_grass":3,"farmersdelight:wild_tomatoes":1,"minecraft:fern":1},"minecraft:killed_by":{"minecraft:husk":1,"minecraft:zombified_piglin":1,"minecraft:spider":1,"minecraft:zombie":1,"mobs_of_mythology:kobold_warrior":4},"minecraft:picked_up":{"minecraft:stick":3,"minecraft:wheat":33,"regions_unexplored:eucalyptus_sapling":1,"regions_unexplored:eucalyptus_log":3,"hybrid-aquatic:raw_crayfish":2,"minecraft:sand":42,"bewitchment:belladonna_seeds":1,"farmersdelight:tomato_seeds":1,"regions_unexplored:eucalyptus_planks":2,"minecraft:gunpowder":1,"minecraft:string":3,"minecraft:spider_eye":1,"minecraft:wooden_sword":1,"minecraft:bone":2,"minecraft:arrow":2,"minecraft:rotten_flesh":4,"minecraft:wheat_seeds":100,"knightquest:small_essence":2,"minecraft:bread":4,"minecraft:rabbit":1,"minecraft:melon_slice":9}},"DataVersion":3465}