{"stats":{"minecraft:custom":{"minecraft:time_since_rest":5665,"minecraft:damage_taken":409,"minecraft:play_time":50679,"minecraft:crouch_one_cm":10577,"minecraft:sprint_one_cm":21429,"minecraft:walk_one_cm":141246,"minecraft:deaths":2,"minecraft:sneak_time":3596,"minecraft:walk_under_water_one_cm":4286,"minecraft:mob_kills":8,"minecraft:drop":1,"minecraft:jump":237,"minecraft:damage_dealt":1066,"minecraft:leave_game":5,"minecraft:time_since_death":4718,"minecraft:walk_on_water_one_cm":3870,"minecraft:total_world_time":50679,"minecraft:hex":0,"minecraft:fall_one_cm":1790,"minecraft:fly_one_cm":34166},"minecraft:dropped":{"minecraft:wooden_sword":1},"minecraft:killed":{"minecraft:spider":2,"minecraft:rabbit":1,"minecraft:zombie":1,"minecraft:creeper":1,"minecraft:zombie_villager":1,"hybrid-aquatic:crayfish":2},"minecraft:used":{"minecraft:wooden_sword":22,"minecraft:sand":32},"minecraft:mined":{"minecraft:sand":30},"minecraft:killed_by":{"minecraft:husk":1,"minecraft:spider":1},"minecraft:picked_up":{"minecraft:wooden_sword":1,"minecraft:rotten_flesh":4,"hybrid-aquatic:raw_crayfish":2,"knightquest:small_essence":1,"minecraft:sand":30,"minecraft:rabbit":1,"minecraft:gunpowder":1,"minecraft:spider_eye":1,"minecraft:string":3}},"DataVersion":3465}