{"stats":{"minecraft:broken":{"minecraft:wooden_sword":1},"minecraft:crafted":{"minecraft:wooden_sword":1,"minecraft:crafting_table":1,"minecraft:wooden_pickaxe":1,"minecraft:bread":11,"regions_unexplored:eucalyptus_planks":12,"minecraft:diamond_pickaxe":1},"minecraft:custom":{"lootr:looted_stat":8,"minecraft:mob_kills":21,"minecraft:interact_with_crafting_table":8,"minecraft:leave_game":5,"minecraft:time_since_death":9783,"minecraft:sleep_in_bed":2,"minecraft:climb_one_cm":3376,"minecraft:hex":0,"minecraft:time_since_rest":9822,"minecraft:sprint_one_cm":130460,"minecraft:damage_taken":4831,"minecraft:walk_one_cm":275949,"minecraft:damage_blocked_by_shield":730,"minecraft:drop":12,"minecraft:damage_dealt":2702,"minecraft:swim_one_cm":4451,"minecraft:talked_to_villager":1,"minecraft:fly_one_cm":160157,"minecraft:player_kills":3,"minecraft:crouch_one_cm":13770,"minecraft:play_time":122679,"minecraft:deaths":15,"minecraft:sneak_time":4902,"minecraft:walk_under_water_one_cm":4286,"minecraft:jump":872,"minecraft:walk_on_water_one_cm":4794,"minecraft:total_world_time":122679,"minecraft:fall_one_cm":24232,"minecraft:inspect_dispenser":1},"minecraft:dropped":{"minecraft:bread":8,"minecraft:wheat_seeds":1,"origins:orb_of_origin":1,"minecraft:wooden_sword":1,"ftbquests:book":1},"minecraft:killed":{"minecraft:cave_spider":2,"minecraft:zombie_villager":1,"minecraft:rabbit":1,"minecraft:spider":12,"minecraft:creeper":1,"minecraft:zombie":2,"hybrid-aquatic:crayfish":2},"minecraft:used":{"minecraft:wheat_seeds":35,"minecraft:shield":14,"minecraft:wooden_pickaxe":11,"minecraft:green_bed":1,"regions_unexplored:barrel_cactus":1,"minecraft:rotten_flesh":8,"minecraft:sand":32,"minecraft:crafting_table":1,"minecraft:stone_bricks":3,"minecraft:wooden_sword":74,"minecraft:cobblestone":3,"minecraft:potion":1},"minecraft:mined":{"minecraft:melon":2,"minecraft:dead_bush":2,"regions_unexplored:elephant_ear":1,"minecraft:tall_grass":3,"minecraft:cobblestone":1,"farmersdelight:wild_tomatoes":1,"minecraft:sugar_cane":7,"minecraft:spawner":1,"minecraft:fire":3,"minecraft:wheat":37,"minecraft:grass":6,"regions_unexplored:eucalyptus_log":1,"minecraft:sand":31,"minecraft:cobweb":7,"minecraft:tripwire_hook":2,"regions_unexplored:barrel_cactus":1,"minecraft:green_bed":2,"minecraft:tripwire":4,"minecraft:fern":2},"minecraft:killed_by":{"minecraft:husk":1,"minecraft:zombified_piglin":1,"minecraft:creeper":2,"minecraft:spider":5,"minecraft:zombie":1,"mobs_of_mythology:kobold_warrior":5},"minecraft:picked_up":{"minecraft:wheat":33,"minecraft:feather":2,"regions_unexplored:eucalyptus_log":3,"minecraft:tripwire_hook":2,"minecraft:stone_brick_wall":3,"paraglider:spirit_orb":2,"minecraft:gunpowder":1,"regions_unexplored:eucalyptus_planks":2,"minecraft:string":24,"minecraft:wooden_sword":1,"minecraft:bone":2,"dungeonnowloading:spawner_fragment":3,"minecraft:stone_bricks":8,"minecraft:wheat_seeds":101,"minecraft:rabbit":1,"minecraft:melon_slice":9,"minecraft:sugar_cane":12,"minecraft:stick":3,"regions_unexplored:eucalyptus_sapling":1,"regions_unexplored:elephant_ear":1,"promenade:duck":1,"hybrid-aquatic:raw_crayfish":2,"minecraft:green_bed":2,"regions_unexplored:barrel_cactus":1,"bewitchment:belladonna_seeds":1,"minecraft:sand":42,"farmersdelight:tomato_seeds":1,"minecraft:spider_eye":2,"minecraft:mossy_cobblestone":1,"minecraft:arrow":2,"minecraft:rotten_flesh":4,"minecraft:diamond":4,"knightquest:small_essence":3,"minecraft:bread":4,"minecraft:cobblestone":4}},"DataVersion":3465}