{"stats":{"minecraft:broken":{"minecraft:wooden_sword":1},"minecraft:crafted":{"minecraft:emerald":1,"minecraft:crafting_table":2,"minecraft:wooden_pickaxe":1,"minecraft:copper_ingot":60,"regions_unexplored:eucalyptus_planks":72,"minecraft:stick":76,"minecraft:iron_ingot":14,"minecraft:gold_ingot":9,"minecraft:torch":36},"minecraft:custom":{"lootr:looted_stat":13,"minecraft:mob_kills":12,"minecraft:interact_with_crafting_table":2,"goblintraders:trade_with_goblin":41,"minecraft:leave_game":9,"minecraft:time_since_death":35808,"minecraft:sleep_in_bed":2,"minecraft:climb_one_cm":1076,"minecraft:hex":0,"minecraft:time_since_rest":34465,"minecraft:sprint_one_cm":50343,"minecraft:damage_taken":5665,"minecraft:walk_one_cm":468297,"minecraft:drop":17,"minecraft:damage_dealt":2592,"minecraft:swim_one_cm":432,"minecraft:talked_to_villager":1,"minecraft:fly_one_cm":97497,"minecraft:crouch_one_cm":32,"minecraft:play_time":121549,"minecraft:sneak_time":243,"minecraft:deaths":19,"minecraft:walk_under_water_one_cm":1670,"minecraft:jump":1080,"minecraft:walk_on_water_one_cm":10148,"minecraft:total_world_time":121549,"minecraft:fall_one_cm":22309},"minecraft:dropped":{"farmersdelight:tomato_seeds":8,"minecraft:wheat_seeds":1,"minecraft:coal":2,"minecraft:emerald":11,"minecraft:beetroot_seeds":6,"minecraft:spider_eye":5,"regions_unexplored:eucalyptus_sapling":5,"minecraft:red_sand":1,"hybrid-aquatic:raw_crayfish":1,"farmersdelight:tomato":1,"twigs:twig":3,"minecraft:gold_ingot":1},"minecraft:killed":{"promenade:duck":1,"minecraft:rabbit":2,"minecraft:spider":6,"minecraft:skeleton":1,"hybrid-aquatic:crayfish":2},"minecraft:used":{"minecraft:wooden_pickaxe":14,"minecraft:green_bed":1,"minecraft:torch":32,"minecraft:sand":3,"minecraft:crafting_table":2,"minecraft:white_bed":1,"mobs_of_mythology:kobold_spear":33,"minecraft:diamond_pickaxe":181,"minecraft:apple":2,"farmersdelight:tomato":1,"minecraft:melon_slice":14,"minecraft:wooden_sword":45,"minecraft:cobblestone":21},"minecraft:mined":{"mythicmetals:platinum_ore":8,"malum:brilliant_stone":3,"promenade:blunite":2,"minecraft:mossy_cobblestone":1,"artifality:small_life_crystal_cluster":1,"soulsweapons:verglas_ore_deepslate":1,"artifality:incremental_crystal_cluster":1,"minecraft:smoker":1,"minerally:iron_pile":1,"artifality:small_lunar_crystal_cluster":1,"artifality:medium_life_crystal_cluster":1,"minecraft:red_sand":1,"clutter:deepslate_silver_ore":1,"mythicmetals:silver_ore":3,"epicknightsnmages:scarlet_ore":5,"minecraft:melon":1,"regions_unexplored:small_desert_shrub":1,"minecraft:dead_bush":2,"malum:brilliant_deepslate":3,"galosphere:silver_ore":19,"minecraft:copper_ore":8,"minecraft:cobblestone":3,"minerally:iron_pile_0":1,"farmersdelight:wild_tomatoes":4,"minecraft:deepslate_copper_ore":2,"epicknightsnmages:citrin_ore":7,"mythicmetals:quadrillum_ore":7,"minecraft:carrots":6,"minecraft:iron_ore":17,"minecraft:fire":4,"mythicmetals:manganese_ore":10,"treechop:chopped_log":1,"regions_unexplored:steppe_grass":2,"minerally:iron_pile_1":1,"minecraft:grass":5,"minecraft:deepslate_iron_ore":4,"artifality:medium_lunar_crystal_cluster":1,"minecraft:beetroots":2,"minecraft:sand":3,"mythicmetals:morkite_ore":5,"minecraft:cobweb":13,"artifality:lunar_crystal_geode":2,"twigs:rhyolite":9,"minecraft:stone_bricks":5,"minecraft:stone":45,"artifality:life_crystal_geode":3,"minecraft:gold_ore":4,"minecraft:deepslate":3,"soulsweapons:verglas_ore":1},"minecraft:killed_by":{"minecraft:husk":4,"minecraft:player":3,"minecraft:skeleton":2,"minecraft:creeper":1,"minecraft:spider":3,"mobs_of_mythology:kobold_warrior":6},"minecraft:picked_up":{"epicknightsnmages:citrin_gem":7,"regions_unexplored:eucalyptus_log":18,"malum:cluster_of_brilliance":6,"minecraft:smoker":1,"mobs_of_mythology:kobold_spear":3,"mythicmetals:raw_platinum":11,"farmersdelight:tomato":2,"minecraft:string":22,"minecraft:raw_copper":39,"minecraft:bone":1,"minecraft:raw_gold":4,"minecraft:beetroot":2,"minecraft:cobbled_deepslate":5,"minecraft:wheat_seeds":3,"minecraft:red_sand":1,"galosphere:raw_silver":18,"minecraft:rabbit":1,"minecraft:melon_slice":5,"twigs:twig":3,"mythicmetals:raw_silver":3,"minecraft:raw_iron":16,"minecraft:stick":4,"regions_unexplored:eucalyptus_sapling":5,"hybrid-aquatic:raw_crayfish":2,"minecraft:sand":3,"farmersdelight:tomato_seeds":8,"mythicmetals:morkite":15,"minecraft:carrot":16,"origins:orb_of_origin":1,"epicknightsnmages:scarlet_gem":5,"minecraft:spider_eye":5,"minecraft:rabbit_foot":1,"minecraft:arrow":4,"minecraft:rotten_flesh":4,"mythicmetals:raw_manganese":13,"minecraft:beetroot_seeds":6,"minecraft:diamond_axe":1,"minecraft:gold_ingot":1,"soulsweapons:verglas":1,"minecraft:emerald":22,"minecraft:bread":4,"twigs:rhyolite":8,"minecraft:coal":1,"minecraft:cobblestone":45}},"DataVersion":3465}