{"stats":{"minecraft:broken":{"immersive_armors:wooden_chestplate":1,"minecraft:iron_boots":1,"minecraft:iron_chestplate":1,"minecraft:shield":1,"minecraft:wooden_sword":1},"minecraft:crafted":{"minecraft:oak_planks":28,"minecraft:furnace":1,"variantshields:oak_diamond_shield":1,"regions_unexplored:willow_planks":8,"minecraft:wheat":9,"minecraft:emerald":1,"minecraft:crafting_table":5,"minecraft:wooden_pickaxe":1,"minecraft:iron_helmet":1,"minecraft:copper_ingot":60,"minecraft:bread":3,"regions_unexplored:eucalyptus_planks":72,"simplyswords:diamond_katana":1,"minecraft:white_wool":4,"minecraft:iron_chestplate":1,"minecraft:stick":84,"minecraft:iron_ingot":14,"plentyofarmors:obsidian_boots":1,"minecraft:gold_ingot":9,"variantshields:oak_golden_shield":2,"minecraft:torch":36},"minecraft:custom":{"minecraft:interact_with_smithing_table":2,"lootr:looted_stat":47,"minecraft:mob_kills":34,"minecraft:interact_with_crafting_table":23,"goblintraders:trade_with_goblin":41,"minecraft:bell_ring":3,"minecraft:damage_dealt_resisted":3234,"minecraft:leave_game":9,"minecraft:time_since_death":11419,"minecraft:climb_one_cm":8876,"minecraft:sprint_one_cm":180236,"minecraft:walk_one_cm":1013497,"minecraft:damage_blocked_by_shield":2332,"minecraft:drop":93,"minecraft:talked_to_villager":1,"minecraft:play_time":292494,"minecraft:sneak_time":427,"minecraft:deaths":62,"minecraft:walk_under_water_one_cm":73357,"minecraft:boat_one_cm":408545,"minecraft:jump":2742,"minecraft:walk_on_water_one_cm":85824,"minecraft:total_world_time":292494,"minecraft:interact_with_furnace":1,"minecraft:interact_with_cartography_table":2,"minecraft:sleep_in_bed":8,"minecraft:hex":0,"minecraft:time_since_rest":11458,"minecraft:damage_absorbed":40,"minecraft:damage_taken":16660,"minecraft:damage_dealt":11080,"minecraft:player_kills":1,"minecraft:swim_one_cm":78907,"minecraft:fly_one_cm":151481,"minecraft:crouch_one_cm":934,"minecraft:interact_with_smoker":1,"minecraft:inspect_dispenser":4,"minecraft:fall_one_cm":69470},"minecraft:dropped":{"farmersdelight:tomato_seeds":8,"mcdw:sword_katana":2,"minecraft:iron_sword":4,"minecraft:oak_slab":3,"minecraft:wheat_seeds":6,"illagerinvasion:platinum_infused_hatchet":1,"mythicmetals:raw_silver":5,"minecraft:diamond_leggings":1,"minecraft:lantern":2,"minecraft:crossbow":1,"minecraft:iron_helmet":2,"minecraft:cobblestone":10,"mobs_of_mythology:kobold_spear":2,"regions_unexplored:pine_sapling":1,"minecraft:cut_sandstone_slab":2,"minecraft:leather_helmet":1,"minecraft:coal":10,"minecraft:stick":1,"minecraft:emerald":11,"bewitchment:aconite_seeds":2,"minecraft:waxed_exposed_copper":2,"minecraft:cut_sandstone":3,"minecraft:diamond_helmet":1,"minecraft:horn_coral":3,"minecraft:iron_leggings":3,"mcdar:boots_of_swiftness":2,"minecraft:dark_oak_planks":4,"minecraft:string":4,"twigs:twig":3,"minecraft:gold_ingot":1,"twigs:rhyolite":8,"minecraft:wheat":1,"minecraft:waxed_weathered_copper":2,"minecraft:yellow_candle":1,"regions_unexplored:small_oak_sapling":1,"minecraft:white_bed":1,"galosphere:silver_nugget":2,"minecraft:salmon":2,"minecraft:carrot":1,"minecraft:iron_chestplate":1,"promenade:blunite":1,"minecraft:diamond_pickaxe":3,"minecraft:beetroot_seeds":6,"minecraft:acacia_slab":12,"variantshields:oak_golden_shield":1,"minecraft:spider_eye":5,"regions_unexplored:eucalyptus_sapling":5,"minecraft:diamond_boots":2,"minecraft:sandstone":1,"minecraft:arrow":24,"minecraft:red_sand":1,"minecraft:wooden_pickaxe":1,"minecraft:raw_gold":3,"farmersdelight:tomato":1,"hybrid-aquatic:raw_crayfish":1,"immersive_armors:wooden_helmet":1,"meadow:flecked_wool":1,"minecraft:terracotta":15},"minecraft:killed":{"promenade:duck":1,"minecraft:spider":6,"minecraft:vindicator":1,"promenade:sunken_skeleton":2,"illagerinvasion:marauder":1,"minecraft:skeleton":3,"livingthings:shark":1,"hybrid-aquatic:crayfish":3,"minecraft:salmon":2,"minecraft:rabbit":2,"wildlife:lark":1,"minecraft:hoglin":1,"minecraft:sheep":4,"minecraft:pillager":1,"minecraft:zombie":4,"minecraft:player":1},"minecraft:used":{"minecraft:shield":43,"minecraft:iron_sword":53,"minecraft:smooth_sandstone_stairs":1,"minecraft:torch":32,"minecraft:dirt":24,"minecraft:mutton":2,"minecraft:carrot":4,"minecraft:diamond_helmet":4,"mobs_of_mythology:kobold_spear":253,"farmersdelight:tomato":1,"minecraft:iron_helmet":4,"minecraft:furnace":1,"graveyard:birch_coffin":3,"minecraft:orange_terracotta":36,"minecraft:cobbled_deepslate":5,"minecraft:sandstone_stairs":1,"simplyswords:diamond_katana":3,"minecraft:wooden_pickaxe":14,"minecraft:sandstone":1,"minecraft:diamond_axe":77,"minecraft:green_bed":1,"minecraft:white_wool":73,"minecraft:waxed_exposed_copper":2,"minecraft:golden_apple":1,"minecraft:sand":3,"minecraft:cut_sandstone_slab":1,"minecraft:crafting_table":4,"minecraft:white_bed":3,"minecraft:smoker":1,"minecraft:diamond_pickaxe":375,"minecraft:apple":5,"minecraft:bread":11,"minecraft:melon_slice":14,"netherdepthsupgrade:obsidianfish":1,"minecraft:wooden_sword":45,"minecraft:cobblestone":41,"minecraft:white_banner":1},"minecraft:mined":{"minecraft:dark_oak_planks":4,"malum:brilliant_stone":3,"minecraft:mossy_cobblestone":1,"graveyard:yellow_urn":1,"artifality:small_lunar_crystal_cluster":1,"artifality:medium_life_crystal_cluster":1,"minecraft:red_sand":1,"mythicmetals:silver_ore":3,"minecraft:grass_block":10,"clutter:deepslate_silver_ore":1,"minecraft:decorated_pot":1,"epicknightsnmages:scarlet_ore":5,"minecraft:acacia_slab":3,"minecraft:sandstone":4,"minecraft:waxed_weathered_copper":1,"epicknightsnmages:citrin_ore":7,"minecraft:spawner":7,"minecraft:sandstone_stairs":1,"minecraft:large_fern":2,"minecraft:hay_block":1,"mythicmetals:quadrillum_ore":7,"minecraft:carrots":6,"minecraft:iron_ore":17,"minecraft:fire":6,"treechop:chopped_log":3,"minecraft:gold_block":2,"minecraft:stripped_dark_oak_wood":1,"minerally:iron_pile_1":1,"minecraft:deepslate_iron_ore":4,"minecraft:iron_bars":3,"regions_unexplored:medium_grass":2,"minecraft:waxed_exposed_copper":2,"minecraft:stone":56,"minecraft:white_banner":1,"regions_unexplored:silt_grass_block":1,"minecraft:white_wool":17,"twigs:opaline_seashell":1,"minecraft:podzol":1,"minecraft:cut_sandstone":1,"mythicmetals:platinum_ore":8,"regions_unexplored:willow_log":2,"promenade:blunite":3,"artifality:small_life_crystal_cluster":1,"soulsweapons:verglas_ore_deepslate":1,"artifality:incremental_crystal_cluster":1,"minecraft:smoker":1,"minerally:iron_pile":1,"minecraft:orange_terracotta":36,"minecraft:light_gray_terracotta":2,"minecraft:melon":1,"regions_unexplored:small_desert_shrub":4,"minecraft:dead_bush":2,"malum:brilliant_deepslate":3,"galosphere:silver_ore":19,"minecraft:sugar_cane":1,"minecraft:copper_ore":8,"minecraft:tall_grass":1,"minecraft:cobblestone":13,"minerally:iron_pile_0":1,"farmersdelight:wild_tomatoes":4,"minecraft:deepslate_copper_ore":2,"graveyard:birch_coffin":3,"minecraft:white_terracotta":2,"minecraft:red_terracotta":4,"regions_unexplored:silt_coarse_dirt":2,"regions_unexplored:steppe_shrub":5,"mythicmetals:manganese_ore":10,"regions_unexplored:steppe_grass":2,"minecraft:grass":14,"artifality:medium_lunar_crystal_cluster":1,"minecraft:beetroots":2,"minecraft:brown_terracotta":2,"minecraft:dirt":16,"minecraft:sand":8,"minecraft:gold_ore":4,"minecraft:cobweb":14,"artifality:lunar_crystal_geode":2,"mythicmetals:morkite_ore":5,"minecraft:terracotta":18,"minecraft:cracked_stone_bricks":1,"twigs:rhyolite":9,"minecraft:stone_bricks":22,"minecraft:mossy_stone_bricks":1,"artifality:life_crystal_geode":3,"minecraft:oak_leaves":2,"minecraft:deepslate":3,"minecraft:fern":3,"soulsweapons:verglas_ore":1},"minecraft:killed_by":{"minecraft:husk":5,"minecraft:evoker":2,"minecraft:player":6,"minecraft:creeper":1,"minecraft:spider":4,"minecraft:pillager":3,"mobs_of_mythology:kobold_warrior":8,"minecraft:drowned":2,"minecraft:vindicator":6,"promenade:sunken_skeleton":2,"minecraft:skeleton":5,"minecraft:zombie":10,"illagerinvasion:marauder":1,"livingthings:shark":1,"minecraft:illusioner":1},"minecraft:picked_up":{"meadow:flecked_wool":1,"minecraft:iron_chestplate":1,"minecraft:wheat":1,"regions_unexplored:silt_coarse_dirt":1,"regions_unexplored:silt_dirt":1,"mobs_of_mythology:kobold_spear":3,"promenade:blunite":1,"minecraft:yellow_candle":1,"minecraft:string":26,"minecraft:raw_copper":39,"minecraft:iron_leggings":1,"dungeonnowloading:spawner_fragment":17,"minecraft:beetroot":2,"illagerinvasion:platinum_infused_hatchet":1,"minecraft:red_sand":1,"minecraft:cobbled_deepslate":5,"minecraft:waxed_weathered_copper":2,"minecraft:redstone_torch":2,"minecraft:melon_slice":5,"minecraft:stick":5,"minecraft:raw_iron":16,"minecraft:sandstone":2,"minecraft:porkchop":2,"farmersdelight:tomato_seeds":8,"minecraft:carrot":19,"mythicmetals:morkite":15,"origins:orb_of_origin":1,"minecraft:rabbit_foot":1,"minecraft:dark_oak_planks":4,"immersive_armors:wooden_helmet":1,"minecraft:arrow":24,"minecraft:rotten_flesh":6,"mythicmetals:raw_manganese":13,"minecraft:beetroot_seeds":6,"minecraft:diamond_boots":2,"minecraft:hay_block":1,"minecraft:sandstone_stairs":1,"minecraft:gold_ingot":1,"minecraft:mutton":3,"minecraft:white_wool":73,"minecraft:cobblestone":65,"epicknightsnmages:citrin_gem":7,"regions_unexplored:eucalyptus_log":18,"minecraft:salmon":2,"minecraft:cut_sandstone":3,"malum:cluster_of_brilliance":6,"minecraft:smoker":1,"paraglider:spirit_orb":10,"inmis:baby_backpack":1,"minecraft:smooth_sandstone_stairs":1,"regions_unexplored:small_oak_sapling":1,"minecraft:horn_coral":3,"graveyard:birch_coffin":3,"bewitchment:aconite_seeds":2,"mythicmetals:raw_platinum":11,"farmersdelight:tomato":2,"minecraft:dirt":24,"minecraft:cut_sandstone_slab":3,"minecraft:lantern":2,"minecraft:white_banner":2,"mcdw:sword_katana":2,"minecraft:orange_terracotta":36,"mcdar:boots_of_swiftness":1,"minecraft:bone":2,"minecraft:wheat_seeds":9,"minecraft:raw_gold":4,"minecraft:rabbit":1,"minecraft:diamond_helmet":2,"galosphere:raw_silver":18,"twigs:twig":3,"mythicmetals:raw_silver":3,"minecraft:iron_sword":3,"minecraft:waxed_exposed_copper":4,"minecraft:oak_slab":3,"regions_unexplored:eucalyptus_sapling":5,"archon:bubble_beam_tome":1,"regions_unexplored:pine_sapling":1,"hybrid-aquatic:raw_crayfish":2,"minecraft:sand":3,"minecraft:white_bed":3,"minecraft:spider_eye":5,"epicknightsnmages:scarlet_gem":5,"galosphere:silver_nugget":2,"regions_unexplored:small_oak_log":7,"regions_unexplored:willow_log":2,"minecraft:iron_helmet":1,"minecraft:crossbow":1,"minecraft:diamond_axe":1,"soulsweapons:verglas":1,"minecraft:bread":27,"minecraft:emerald":27,"minecraft:terracotta":15,"twigs:rhyolite":8,"minecraft:acacia_slab":12,"minecraft:coal":9,"minecraft:diamond_pickaxe":2}},"DataVersion":3465}