{"stats":{"minecraft:broken":{"immersive_armors:wooden_chestplate":1,"minecraft:iron_boots":1,"minecraft:wooden_sword":1},"minecraft:crafted":{"minecraft:furnace":1,"minecraft:wheat":9,"minecraft:emerald":1,"minecraft:crafting_table":3,"minecraft:wooden_pickaxe":1,"minecraft:iron_helmet":1,"minecraft:copper_ingot":60,"minecraft:bread":3,"regions_unexplored:eucalyptus_planks":72,"minecraft:iron_chestplate":1,"minecraft:white_wool":4,"minecraft:stick":76,"minecraft:iron_ingot":14,"minecraft:gold_ingot":9,"minecraft:torch":36},"minecraft:custom":{"lootr:looted_stat":36,"minecraft:mob_kills":26,"minecraft:interact_with_crafting_table":12,"goblintraders:trade_with_goblin":41,"minecraft:damage_dealt_resisted":3234,"minecraft:leave_game":9,"minecraft:time_since_death":953,"minecraft:climb_one_cm":5719,"minecraft:sprint_one_cm":136431,"minecraft:walk_one_cm":754095,"minecraft:damage_blocked_by_shield":1547,"minecraft:drop":62,"minecraft:talked_to_villager":1,"minecraft:play_time":205549,"minecraft:deaths":44,"minecraft:sneak_time":397,"minecraft:walk_under_water_one_cm":27563,"minecraft:boat_one_cm":94744,"minecraft:jump":1657,"minecraft:walk_on_water_one_cm":48070,"minecraft:total_world_time":205549,"minecraft:interact_with_furnace":1,"minecraft:sleep_in_bed":5,"minecraft:hex":0,"minecraft:time_since_rest":1851,"minecraft:damage_absorbed":40,"minecraft:damage_taken":12016,"minecraft:damage_dealt":7778,"minecraft:player_kills":1,"minecraft:swim_one_cm":62040,"minecraft:fly_one_cm":130690,"minecraft:crouch_one_cm":877,"minecraft:interact_with_smoker":1,"minecraft:fall_one_cm":42318,"minecraft:inspect_dispenser":4},"minecraft:dropped":{"farmersdelight:tomato_seeds":8,"mcdw:sword_katana":2,"minecraft:wheat_seeds":2,"illagerinvasion:platinum_infused_hatchet":1,"mythicmetals:raw_silver":5,"minecraft:cobblestone":10,"mobs_of_mythology:kobold_spear":1,"minecraft:cut_sandstone_slab":2,"minecraft:coal":10,"bewitchment:aconite_seeds":2,"minecraft:emerald":11,"minecraft:waxed_exposed_copper":2,"minecraft:cut_sandstone":3,"minecraft:iron_leggings":3,"minecraft:dark_oak_planks":4,"minecraft:string":4,"twigs:twig":3,"minecraft:gold_ingot":1,"twigs:rhyolite":8,"minecraft:waxed_weathered_copper":2,"minecraft:yellow_candle":1,"minecraft:white_bed":1,"minecraft:salmon":2,"minecraft:carrot":1,"minecraft:diamond_pickaxe":3,"promenade:blunite":1,"minecraft:beetroot_seeds":6,"minecraft:acacia_slab":8,"minecraft:spider_eye":5,"regions_unexplored:eucalyptus_sapling":5,"minecraft:sandstone":1,"minecraft:arrow":20,"minecraft:red_sand":1,"minecraft:wooden_pickaxe":1,"hybrid-aquatic:raw_crayfish":1,"farmersdelight:tomato":1,"immersive_armors:wooden_helmet":1,"meadow:flecked_wool":1,"minecraft:terracotta":15},"minecraft:killed":{"promenade:duck":1,"minecraft:vindicator":1,"minecraft:spider":6,"illagerinvasion:marauder":1,"minecraft:skeleton":2,"hybrid-aquatic:crayfish":2,"minecraft:salmon":2,"minecraft:rabbit":2,"wildlife:lark":1,"minecraft:hoglin":1,"minecraft:sheep":3,"minecraft:zombie":3,"minecraft:player":1},"minecraft:used":{"minecraft:shield":30,"minecraft:iron_sword":14,"minecraft:smooth_sandstone_stairs":1,"minecraft:torch":32,"minecraft:mutton":2,"minecraft:carrot":2,"mobs_of_mythology:kobold_spear":228,"farmersdelight:tomato":1,"minecraft:furnace":1,"graveyard:birch_coffin":3,"minecraft:cobbled_deepslate":5,"minecraft:sandstone_stairs":1,"minecraft:wooden_pickaxe":14,"minecraft:sandstone":1,"minecraft:green_bed":1,"minecraft:diamond_axe":45,"minecraft:waxed_exposed_copper":2,"minecraft:golden_apple":1,"minecraft:sand":3,"minecraft:cut_sandstone_slab":1,"minecraft:crafting_table":3,"minecraft:white_bed":2,"minecraft:smoker":1,"minecraft:diamond_pickaxe":234,"minecraft:apple":2,"minecraft:melon_slice":14,"minecraft:bread":3,"minecraft:wooden_sword":45,"minecraft:cobblestone":21,"minecraft:white_banner":1},"minecraft:mined":{"minecraft:dark_oak_planks":4,"malum:brilliant_stone":3,"minecraft:mossy_cobblestone":1,"graveyard:yellow_urn":1,"artifality:small_lunar_crystal_cluster":1,"artifality:medium_life_crystal_cluster":1,"minecraft:red_sand":1,"mythicmetals:silver_ore":3,"epicknightsnmages:scarlet_ore":5,"clutter:deepslate_silver_ore":1,"minecraft:acacia_slab":3,"minecraft:sandstone":3,"minecraft:waxed_weathered_copper":1,"minecraft:spawner":5,"minecraft:sandstone_stairs":1,"epicknightsnmages:citrin_ore":7,"minecraft:hay_block":1,"mythicmetals:quadrillum_ore":7,"minecraft:carrots":6,"minecraft:iron_ore":17,"minecraft:fire":4,"treechop:chopped_log":2,"minecraft:gold_block":2,"minerally:iron_pile_1":1,"minecraft:deepslate_iron_ore":4,"minecraft:iron_bars":3,"minecraft:white_banner":1,"minecraft:waxed_exposed_copper":2,"minecraft:stone":46,"regions_unexplored:silt_grass_block":1,"twigs:opaline_seashell":1,"minecraft:cut_sandstone":1,"mythicmetals:platinum_ore":8,"promenade:blunite":3,"artifality:small_life_crystal_cluster":1,"soulsweapons:verglas_ore_deepslate":1,"artifality:incremental_crystal_cluster":1,"minecraft:smoker":1,"minerally:iron_pile":1,"minecraft:melon":1,"regions_unexplored:small_desert_shrub":4,"minecraft:dead_bush":2,"malum:brilliant_deepslate":3,"galosphere:silver_ore":19,"minecraft:copper_ore":8,"minecraft:cobblestone":3,"minerally:iron_pile_0":1,"farmersdelight:wild_tomatoes":4,"minecraft:deepslate_copper_ore":2,"graveyard:birch_coffin":3,"regions_unexplored:silt_coarse_dirt":2,"regions_unexplored:steppe_shrub":5,"mythicmetals:manganese_ore":10,"regions_unexplored:steppe_grass":2,"minecraft:grass":11,"artifality:medium_lunar_crystal_cluster":1,"minecraft:beetroots":2,"minecraft:sand":8,"mythicmetals:morkite_ore":5,"minecraft:cobweb":14,"artifality:lunar_crystal_geode":2,"twigs:rhyolite":9,"minecraft:terracotta":16,"minecraft:stone_bricks":5,"artifality:life_crystal_geode":3,"minecraft:gold_ore":4,"minecraft:oak_leaves":1,"minecraft:deepslate":3,"soulsweapons:verglas_ore":1},"minecraft:killed_by":{"minecraft:husk":5,"minecraft:evoker":2,"minecraft:player":6,"minecraft:creeper":1,"minecraft:spider":4,"minecraft:pillager":1,"mobs_of_mythology:kobold_warrior":6,"minecraft:drowned":1,"minecraft:vindicator":5,"minecraft:skeleton":2,"minecraft:zombie":6,"illagerinvasion:marauder":1},"minecraft:picked_up":{"meadow:flecked_wool":1,"regions_unexplored:silt_coarse_dirt":1,"regions_unexplored:silt_dirt":1,"mobs_of_mythology:kobold_spear":3,"minecraft:yellow_candle":1,"promenade:blunite":1,"minecraft:string":26,"minecraft:raw_copper":39,"minecraft:iron_leggings":1,"dungeonnowloading:spawner_fragment":7,"minecraft:beetroot":2,"illagerinvasion:platinum_infused_hatchet":1,"minecraft:waxed_weathered_copper":2,"minecraft:red_sand":1,"minecraft:cobbled_deepslate":5,"minecraft:redstone_torch":2,"minecraft:melon_slice":5,"minecraft:stick":4,"minecraft:raw_iron":16,"minecraft:sandstone":2,"minecraft:porkchop":2,"farmersdelight:tomato_seeds":8,"minecraft:carrot":17,"mythicmetals:morkite":15,"origins:orb_of_origin":1,"minecraft:rabbit_foot":1,"minecraft:dark_oak_planks":4,"immersive_armors:wooden_helmet":1,"minecraft:arrow":20,"minecraft:rotten_flesh":6,"mythicmetals:raw_manganese":13,"minecraft:beetroot_seeds":6,"minecraft:hay_block":1,"minecraft:sandstone_stairs":1,"minecraft:gold_ingot":1,"minecraft:mutton":2,"minecraft:cobblestone":45,"epicknightsnmages:citrin_gem":7,"regions_unexplored:eucalyptus_log":18,"minecraft:salmon":2,"minecraft:cut_sandstone":3,"malum:cluster_of_brilliance":6,"minecraft:smoker":1,"paraglider:spirit_orb":6,"inmis:baby_backpack":1,"minecraft:smooth_sandstone_stairs":1,"minecraft:lantern":2,"bewitchment:aconite_seeds":2,"graveyard:birch_coffin":3,"mythicmetals:raw_platinum":11,"farmersdelight:tomato":2,"minecraft:cut_sandstone_slab":3,"minecraft:white_banner":2,"mcdw:sword_katana":2,"minecraft:bone":1,"minecraft:wheat_seeds":5,"minecraft:raw_gold":4,"minecraft:rabbit":1,"galosphere:raw_silver":18,"twigs:twig":3,"mythicmetals:raw_silver":3,"minecraft:waxed_exposed_copper":4,"regions_unexplored:eucalyptus_sapling":5,"archon:bubble_beam_tome":1,"hybrid-aquatic:raw_crayfish":2,"minecraft:sand":3,"minecraft:white_bed":3,"minecraft:spider_eye":5,"epicknightsnmages:scarlet_gem":5,"minecraft:crossbow":1,"minecraft:diamond_axe":1,"minecraft:acacia_slab":8,"minecraft:bread":4,"minecraft:emerald":27,"soulsweapons:verglas":1,"minecraft:terracotta":15,"twigs:rhyolite":8,"minecraft:coal":9,"minecraft:diamond_pickaxe":2}},"DataVersion":3465}