{"stats":{"minecraft:crafted":{"minecraft:crafting_table":1,"minecraft:stick":52,"regions_unexplored:eucalyptus_planks":72},"minecraft:custom":{"minecraft:time_since_rest":384,"minecraft:sprint_one_cm":21775,"minecraft:damage_taken":2802,"minecraft:walk_one_cm":126228,"minecraft:mob_kills":4,"minecraft:damage_dealt":330,"minecraft:swim_one_cm":432,"minecraft:interact_with_crafting_table":1,"minecraft:fly_one_cm":70537,"minecraft:play_time":61285,"minecraft:deaths":9,"minecraft:walk_under_water_one_cm":1599,"minecraft:jump":291,"minecraft:leave_game":7,"minecraft:time_since_death":346,"minecraft:walk_on_water_one_cm":3786,"minecraft:total_world_time":61285,"minecraft:hex":0,"minecraft:fall_one_cm":6704},"minecraft:killed":{"minecraft:rabbit":2,"hybrid-aquatic:crayfish":2},"minecraft:used":{"minecraft:wooden_sword":3,"minecraft:crafting_table":1},"minecraft:mined":{"treechop:chopped_log":1,"minecraft:grass":2,"minecraft:red_sand":1,"minecraft:dead_bush":2,"minecraft:sand":3},"minecraft:killed_by":{"minecraft:husk":3,"minecraft:player":1,"minecraft:spider":1,"mobs_of_mythology:kobold_warrior":4},"minecraft:picked_up":{"minecraft:stick":4,"regions_unexplored:eucalyptus_sapling":5,"regions_unexplored:eucalyptus_log":18,"hybrid-aquatic:raw_crayfish":2,"minecraft:sand":3,"origins:orb_of_origin":1,"minecraft:rabbit_foot":1,"minecraft:arrow":3,"minecraft:bone":1,"minecraft:rotten_flesh":2,"minecraft:wheat_seeds":1,"minecraft:red_sand":1,"minecraft:rabbit":1,"twigs:twig":3}},"DataVersion":3465}