{"stats":{"minecraft:broken":{"minecraft:wooden_sword":1},"minecraft:crafted":{"minecraft:furnace":1,"minecraft:wheat":9,"minecraft:emerald":1,"minecraft:crafting_table":3,"minecraft:wooden_pickaxe":1,"minecraft:copper_ingot":60,"minecraft:bread":3,"regions_unexplored:eucalyptus_planks":72,"minecraft:white_wool":4,"minecraft:stick":76,"minecraft:iron_ingot":14,"minecraft:gold_ingot":9,"minecraft:torch":36},"minecraft:custom":{"lootr:looted_stat":14,"minecraft:mob_kills":17,"minecraft:interact_with_crafting_table":6,"goblintraders:trade_with_goblin":41,"minecraft:damage_dealt_resisted":3061,"minecraft:leave_game":9,"minecraft:time_since_death":1667,"minecraft:climb_one_cm":1829,"minecraft:sprint_one_cm":80652,"minecraft:walk_one_cm":533193,"minecraft:drop":26,"minecraft:talked_to_villager":1,"minecraft:play_time":145549,"minecraft:deaths":23,"minecraft:sneak_time":385,"minecraft:walk_under_water_one_cm":15463,"minecraft:jump":1248,"minecraft:walk_on_water_one_cm":31908,"minecraft:total_world_time":145549,"minecraft:interact_with_furnace":1,"minecraft:sleep_in_bed":3,"minecraft:hex":0,"minecraft:time_since_rest":1698,"minecraft:damage_taken":6548,"minecraft:damage_dealt":3773,"minecraft:swim_one_cm":51351,"minecraft:fly_one_cm":106248,"minecraft:crouch_one_cm":780,"minecraft:interact_with_smoker":1,"minecraft:fall_one_cm":27281},"minecraft:dropped":{"farmersdelight:tomato_seeds":8,"minecraft:wheat_seeds":2,"minecraft:cobblestone":10,"minecraft:coal":2,"minecraft:emerald":11,"twigs:twig":3,"minecraft:gold_ingot":1,"twigs:rhyolite":8,"minecraft:carrot":1,"minecraft:diamond_pickaxe":1,"promenade:blunite":1,"minecraft:beetroot_seeds":6,"minecraft:spider_eye":5,"regions_unexplored:eucalyptus_sapling":5,"minecraft:arrow":4,"minecraft:red_sand":1,"hybrid-aquatic:raw_crayfish":1,"farmersdelight:tomato":1},"minecraft:killed":{"promenade:duck":1,"minecraft:spider":6,"minecraft:skeleton":1,"hybrid-aquatic:crayfish":2,"minecraft:salmon":2,"minecraft:rabbit":2,"wildlife:lark":1,"minecraft:sheep":2},"minecraft:used":{"minecraft:torch":32,"minecraft:carrot":2,"mobs_of_mythology:kobold_spear":123,"farmersdelight:tomato":1,"minecraft:furnace":1,"minecraft:cobbled_deepslate":5,"minecraft:wooden_pickaxe":14,"minecraft:green_bed":1,"minecraft:diamond_axe":26,"minecraft:sand":3,"minecraft:crafting_table":3,"minecraft:white_bed":2,"minecraft:smoker":1,"minecraft:diamond_pickaxe":183,"minecraft:apple":2,"minecraft:melon_slice":14,"minecraft:bread":2,"minecraft:wooden_sword":45,"minecraft:cobblestone":21},"minecraft:mined":{"malum:brilliant_stone":3,"minecraft:mossy_cobblestone":1,"artifality:small_lunar_crystal_cluster":1,"artifality:medium_life_crystal_cluster":1,"minecraft:red_sand":1,"mythicmetals:silver_ore":3,"epicknightsnmages:scarlet_ore":5,"clutter:deepslate_silver_ore":1,"epicknightsnmages:citrin_ore":7,"minecraft:hay_block":1,"mythicmetals:quadrillum_ore":7,"minecraft:carrots":6,"minecraft:iron_ore":17,"minecraft:fire":4,"treechop:chopped_log":2,"minerally:iron_pile_1":1,"minecraft:deepslate_iron_ore":4,"minecraft:stone":46,"regions_unexplored:silt_grass_block":1,"mythicmetals:platinum_ore":8,"promenade:blunite":3,"artifality:small_life_crystal_cluster":1,"soulsweapons:verglas_ore_deepslate":1,"artifality:incremental_crystal_cluster":1,"minecraft:smoker":1,"minerally:iron_pile":1,"minecraft:melon":1,"regions_unexplored:small_desert_shrub":4,"minecraft:dead_bush":2,"malum:brilliant_deepslate":3,"galosphere:silver_ore":19,"minecraft:copper_ore":8,"minecraft:cobblestone":3,"minerally:iron_pile_0":1,"farmersdelight:wild_tomatoes":4,"minecraft:deepslate_copper_ore":2,"regions_unexplored:silt_coarse_dirt":2,"regions_unexplored:steppe_shrub":2,"mythicmetals:manganese_ore":10,"regions_unexplored:steppe_grass":2,"minecraft:grass":8,"artifality:medium_lunar_crystal_cluster":1,"minecraft:beetroots":2,"minecraft:sand":3,"mythicmetals:morkite_ore":5,"minecraft:cobweb":13,"artifality:lunar_crystal_geode":2,"twigs:rhyolite":9,"minecraft:stone_bricks":5,"artifality:life_crystal_geode":3,"minecraft:gold_ore":4,"minecraft:deepslate":3,"soulsweapons:verglas_ore":1},"minecraft:killed_by":{"minecraft:husk":4,"minecraft:evoker":2,"minecraft:player":3,"minecraft:creeper":1,"minecraft:spider":3,"mobs_of_mythology:kobold_warrior":6,"minecraft:skeleton":2},"minecraft:picked_up":{"regions_unexplored:silt_coarse_dirt":1,"regions_unexplored:silt_dirt":1,"mobs_of_mythology:kobold_spear":3,"promenade:blunite":1,"minecraft:string":24,"minecraft:raw_copper":39,"minecraft:beetroot":2,"minecraft:red_sand":1,"minecraft:cobbled_deepslate":5,"minecraft:melon_slice":5,"minecraft:stick":4,"minecraft:raw_iron":16,"farmersdelight:tomato_seeds":8,"minecraft:carrot":16,"mythicmetals:morkite":15,"origins:orb_of_origin":1,"minecraft:rabbit_foot":1,"minecraft:arrow":8,"minecraft:rotten_flesh":4,"mythicmetals:raw_manganese":13,"minecraft:beetroot_seeds":6,"minecraft:hay_block":1,"minecraft:gold_ingot":1,"minecraft:cobblestone":45,"epicknightsnmages:citrin_gem":7,"regions_unexplored:eucalyptus_log":18,"minecraft:salmon":2,"malum:cluster_of_brilliance":6,"minecraft:smoker":1,"mythicmetals:raw_platinum":11,"farmersdelight:tomato":2,"minecraft:bone":1,"minecraft:wheat_seeds":4,"minecraft:raw_gold":4,"minecraft:rabbit":1,"galosphere:raw_silver":18,"twigs:twig":3,"mythicmetals:raw_silver":3,"regions_unexplored:eucalyptus_sapling":5,"hybrid-aquatic:raw_crayfish":2,"minecraft:sand":3,"minecraft:white_bed":2,"minecraft:spider_eye":5,"epicknightsnmages:scarlet_gem":5,"minecraft:diamond_axe":1,"minecraft:bread":4,"minecraft:emerald":22,"soulsweapons:verglas":1,"twigs:rhyolite":8,"minecraft:coal":5,"minecraft:diamond_pickaxe":1}},"DataVersion":3465}