{"stats":{"minecraft:broken":{"minecraft:wooden_sword":1},"minecraft:crafted":{"minecraft:crafting_table":2,"minecraft:stick":76,"minecraft:wooden_pickaxe":1,"regions_unexplored:eucalyptus_planks":72},"minecraft:custom":{"minecraft:time_since_rest":3316,"lootr:looted_stat":5,"minecraft:sprint_one_cm":32106,"minecraft:damage_taken":4940,"minecraft:walk_one_cm":283677,"minecraft:mob_kills":11,"minecraft:damage_dealt":2496,"minecraft:swim_one_cm":432,"minecraft:interact_with_crafting_table":2,"minecraft:fly_one_cm":89127,"minecraft:play_time":85285,"minecraft:deaths":18,"minecraft:walk_under_water_one_cm":1599,"minecraft:jump":672,"minecraft:leave_game":7,"minecraft:time_since_death":3280,"minecraft:walk_on_water_one_cm":4969,"minecraft:sleep_in_bed":1,"minecraft:climb_one_cm":892,"minecraft:total_world_time":85285,"minecraft:hex":0,"minecraft:fall_one_cm":10885},"minecraft:killed":{"minecraft:skeleton":1,"promenade:duck":1,"minecraft:spider":5,"minecraft:rabbit":2,"hybrid-aquatic:crayfish":2},"minecraft:used":{"mobs_of_mythology:kobold_spear":30,"minecraft:apple":2,"farmersdelight:tomato":1,"minecraft:wooden_pickaxe":14,"minecraft:sand":3,"minecraft:wooden_sword":45,"minecraft:crafting_table":2},"minecraft:mined":{"minecraft:carrots":6,"minecraft:mossy_cobblestone":1,"minecraft:fire":4,"treechop:chopped_log":1,"regions_unexplored:steppe_grass":2,"minecraft:grass":5,"minecraft:red_sand":1,"minecraft:beetroots":2,"regions_unexplored:small_desert_shrub":1,"minecraft:dead_bush":2,"minecraft:sand":3,"minecraft:cobweb":13,"minecraft:cobblestone":3,"minecraft:stone_bricks":5,"farmersdelight:wild_tomatoes":4},"minecraft:killed_by":{"minecraft:husk":4,"minecraft:player":3,"minecraft:skeleton":2,"minecraft:spider":3,"mobs_of_mythology:kobold_warrior":6},"minecraft:picked_up":{"minecraft:stick":4,"regions_unexplored:eucalyptus_sapling":5,"regions_unexplored:eucalyptus_log":18,"hybrid-aquatic:raw_crayfish":2,"mobs_of_mythology:kobold_spear":2,"minecraft:sand":3,"farmersdelight:tomato_seeds":4,"minecraft:spider_eye":5,"minecraft:carrot":16,"origins:orb_of_origin":1,"minecraft:string":21,"farmersdelight:tomato":2,"minecraft:rabbit_foot":1,"minecraft:beetroot":2,"minecraft:arrow":3,"minecraft:bone":1,"minecraft:rotten_flesh":4,"minecraft:beetroot_seeds":6,"minecraft:wheat_seeds":2,"minecraft:red_sand":1,"minecraft:bread":4,"minecraft:emerald":8,"minecraft:rabbit":1,"twigs:twig":3}},"DataVersion":3465}