{"stats":{"minecraft:broken":{"minecraft:diamond_helmet":1,"minecraft:iron_boots":1,"minecraft:iron_chestplate":1,"minecraft:iron_leggings":1,"minecraft:wooden_sword":1,"immersive_armors:wooden_chestplate":1,"minecraft:shield":1},"minecraft:crafted":{"minecraft:oak_planks":28,"variantshields:oak_diamond_shield":1,"regions_unexplored:willow_planks":8,"minecraft:emerald":1,"minecraft:crafting_table":6,"minecraft:iron_helmet":1,"minecraft:wooden_pickaxe":1,"minecraft:copper_ingot":60,"simplyswords:diamond_katana":1,"basicweapons:diamond_dagger":1,"minecraft:iron_chestplate":1,"minecraft:stick":96,"minecraft:iron_ingot":14,"minecraft:gold_ingot":9,"variantshields:oak_golden_shield":2,"plentyofarmors:obsidian_boots":1,"minecraft:furnace":1,"regions_unexplored:magnolia_planks":208,"minecraft:wheat":9,"mythicmetals:copper_pickaxe":1,"minecraft:bread":3,"regions_unexplored:eucalyptus_planks":72,"minecraft:white_wool":4,"plentyofarmors:emerald_chestplate":1,"minecraft:torch":36},"minecraft:custom":{"lootr:looted_stat":59,"minecraft:interact_with_crafting_table":41,"goblintraders:trade_with_goblin":41,"minecraft:bell_ring":3,"minecraft:leave_game":11,"minecraft:time_since_death":23631,"minecraft:sprint_one_cm":267119,"minecraft:damage_blocked_by_shield":3014,"minecraft:drop":136,"minecraft:talked_to_villager":1,"minecraft:play_time":402071,"minecraft:deaths":76,"minecraft:jump":3986,"minecraft:walk_on_water_one_cm":119015,"minecraft:interact_with_furnace":1,"minecraft:interact_with_cartography_table":2,"minecraft:sleep_in_bed":8,"minecraft:damage_dealt":17392,"minecraft:player_kills":3,"minecraft:crouch_one_cm":5448,"minecraft:interact_with_smoker":1,"minecraft:inspect_dispenser":4,"minecraft:interact_with_smithing_table":2,"minecraft:mob_kills":56,"minecraft:damage_dealt_resisted":3234,"minecraft:climb_one_cm":11719,"minecraft:walk_one_cm":1255216,"minecraft:sneak_time":3919,"minecraft:walk_under_water_one_cm":177643,"minecraft:boat_one_cm":903661,"minecraft:interact_with_lectern":2,"minecraft:total_world_time":402071,"minecraft:hex":0,"minecraft:time_since_rest":23651,"minecraft:damage_absorbed":40,"minecraft:damage_taken":21789,"minecraft:swim_one_cm":280249,"minecraft:fly_one_cm":230291,"minecraft:open_chest":2,"minecraft:fall_one_cm":89572},"minecraft:dropped":{"minecraft:iron_sword":5,"minecraft:diamond_axe":1,"mythicmetals:raw_silver":6,"minecraft:crafting_table":1,"minecraft:crossbow":1,"minecraft:lantern":4,"minecraft:cut_sandstone_slab":2,"minecraft:leather_helmet":1,"minecraft:cod":6,"bewitchment:aconite_seeds":2,"minecraft:emerald":11,"minecraft:cut_sandstone":3,"minecraft:horn_coral":3,"mcdar:boots_of_swiftness":2,"minecraft:dark_oak_planks":4,"twigs:twig":3,"minecraft:gold_ingot":1,"minecraft:bone":2,"minecraft:wheat":1,"minecraft:obsidian":1,"minecraft:waxed_weathered_copper":2,"minecraft:rotten_flesh":20,"minecraft:oak_planks":6,"minecraft:white_bed":1,"minecraft:salmon":2,"minecraft:carrot":1,"promenade:blunite":1,"minecraft:beetroot_seeds":6,"minecraft:acacia_slab":12,"regions_unexplored:eucalyptus_sapling":5,"minecraft:arrow":24,"meadow:flecked_wool":1,"basicweapons:iron_spear":1,"farmersdelight:tomato_seeds":8,"minecraft:bread":16,"mcdw:sword_katana":2,"minecraft:oak_slab":3,"minecraft:wheat_seeds":6,"minecraft:clock":1,"illagerinvasion:platinum_infused_hatchet":1,"minecraft:diamond_leggings":1,"minecraft:iron_helmet":2,"minecraft:cobblestone":12,"mobs_of_mythology:kobold_spear":2,"regions_unexplored:pine_sapling":1,"minecraft:coal":10,"minecraft:stick":64,"clutter:hops_seeds":1,"galosphere:raw_silver":18,"regions_unexplored:blue_magnolia_shrub":1,"minecraft:waxed_exposed_copper":2,"variantshields:oak_diamond_shield":2,"minecraft:diamond_helmet":1,"minecraft:iron_leggings":3,"minecraft:golden_hoe":1,"minecraft:string":4,"twigs:rhyolite":8,"minecraft:kelp":1,"minecraft:yellow_candle":1,"regions_unexplored:small_oak_sapling":1,"galosphere:silver_nugget":2,"dungeonnowloading:spawner_fragment":3,"minecraft:iron_chestplate":1,"minecraft:diamond_pickaxe":3,"bewitchment:ectoplasm":12,"mythicmetals:raw_manganese":14,"minecraft:redstone_torch":2,"minecraft:spider_eye":5,"minecraft:diamond_boots":3,"minecraft:sandstone":1,"minecraft:red_sand":1,"minecraft:wooden_pickaxe":1,"minecraft:raw_gold":3,"variantshields:oak_golden_shield":2,"hybrid-aquatic:raw_crayfish":2,"farmersdelight:tomato":1,"immersive_armors:wooden_helmet":1,"minecraft:terracotta":15},"minecraft:killed":{"minecraft:spider":7,"promenade:sunken_skeleton":3,"minecraft:skeleton":4,"livingthings:shark":4,"hybrid-aquatic:crayfish":3,"minecraft:salmon":2,"minecraft:sheep":5,"minecraft:pillager":1,"bewitchment:owl":2,"minecraft:zombie":5,"promenade:duck":1,"minecraft:vindicator":1,"illagerinvasion:marauder":1,"minecraft:slime":1,"bewitchment:ghost":1,"minecraft:rabbit":2,"wildlife:lark":1,"minecraft:hoglin":1,"medievalorigins:summon_skeleton":1,"minecraft:player":3},"minecraft:used":{"minecraft:writable_book":6,"minecraft:shield":43,"minecraft:iron_sword":53,"minecraft:smooth_sandstone_stairs":1,"minecraft:mutton":3,"minecraft:carrot":4,"mobs_of_mythology:kobold_spear":274,"farmersdelight:tomato":1,"minecraft:iron_helmet":4,"mythicmetals:copper_pickaxe":3,"minecraft:furnace":1,"minecraft:wooden_pickaxe":14,"minecraft:sandstone":1,"minecraft:diamond_axe":127,"minecraft:white_wool":73,"minecraft:golden_apple":1,"minecraft:sand":3,"minecraft:cut_sandstone_slab":1,"variantshields:oak_diamond_shield":9,"minecraft:bread":26,"minecraft:melon_slice":14,"minecraft:wooden_sword":45,"basicweapons:diamond_dagger":15,"minecraft:torch":32,"minecraft:dirt":24,"minecraft:diamond_helmet":4,"graveyard:birch_coffin":3,"minecraft:cobbled_deepslate":5,"minecraft:orange_terracotta":36,"minecraft:sandstone_stairs":1,"simplyswords:diamond_katana":57,"minecraft:green_bed":1,"minecraft:waxed_exposed_copper":2,"berserker_rpg:iron_berserker_axe":19,"minecraft:crafting_table":5,"minecraft:white_bed":3,"regions_unexplored:magnolia_planks":193,"minecraft:smoker":1,"minecraft:diamond_pickaxe":392,"minecraft:cornflower":1,"minecraft:apple":6,"netherdepthsupgrade:obsidianfish":1,"twigs:bronzed_seashell":1,"minecraft:cobblestone":41,"minecraft:white_banner":1},"minecraft:mined":{"minecraft:dark_oak_planks":4,"minecraft:spruce_planks":1,"malum:brilliant_stone":3,"graveyard:yellow_urn":1,"artifality:small_lunar_crystal_cluster":1,"artifality:medium_life_crystal_cluster":1,"minecraft:red_sand":1,"minecraft:grass_block":10,"epicknightsnmages:scarlet_ore":5,"clutter:deepslate_silver_ore":1,"minecraft:sandstone_stairs":1,"minecraft:spawner":8,"epicknightsnmages:citrin_ore":7,"minecraft:iron_ore":17,"minecraft:fire":6,"minecraft:stripped_dark_oak_wood":1,"minerally:iron_pile_1":1,"minecraft:iron_bars":3,"minecraft:waxed_exposed_copper":2,"minecraft:white_banner":1,"regions_unexplored:silt_grass_block":1,"minecraft:cut_sandstone":1,"regions_unexplored:willow_log":2,"soulsweapons:verglas_ore_deepslate":1,"artifality:incremental_crystal_cluster":1,"minecraft:smoker":1,"minerally:iron_pile":1,"minecraft:orange_terracotta":36,"minecraft:torch":1,"minecraft:light_gray_terracotta":2,"minecraft:melon":1,"regions_unexplored:small_desert_shrub":4,"minecraft:dead_bush":2,"malum:brilliant_deepslate":3,"regions_unexplored:blue_magnolia_leaves":1,"galosphere:silver_ore":19,"minecraft:cobblestone":13,"minecraft:slime_block":3,"minerally:iron_pile_0":1,"minecraft:sugar_cane":1,"minecraft:deepslate_copper_ore":2,"minecraft:white_terracotta":2,"regions_unexplored:silt_coarse_dirt":2,"mythicmetals:aquarium_ore":2,"mythicmetals:manganese_ore":11,"regions_unexplored:steppe_grass":2,"minecraft:grass":19,"artifality:medium_lunar_crystal_cluster":1,"minecraft:beetroots":2,"minecraft:sand":8,"minecraft:dirt":16,"mythicmetals:morkite_ore":5,"artifality:lunar_crystal_geode":2,"twigs:rhyolite":9,"minecraft:netherrack":1,"artifality:life_crystal_geode":3,"minecraft:oak_leaves":5,"minecraft:deepslate":3,"soulsweapons:verglas_ore":2,"minecraft:mossy_cobblestone":1,"regions_unexplored:willow_leaves":1,"mythicmetals:silver_ore":4,"minecraft:decorated_pot":1,"minecraft:acacia_slab":3,"minecraft:sandstone":4,"minecraft:waxed_weathered_copper":1,"minecraft:large_fern":2,"minecraft:hay_block":1,"mythicmetals:quadrillum_ore":7,"minecraft:carrots":6,"treechop:chopped_log":7,"twigs:bronzed_seashell":1,"minecraft:gold_block":2,"minecraft:deepslate_iron_ore":4,"regions_unexplored:medium_grass":7,"minecraft:stone":60,"minecraft:white_wool":17,"twigs:opaline_seashell":1,"minecraft:podzol":1,"mythicmetals:platinum_ore":8,"promenade:blunite":3,"artifality:small_life_crystal_cluster":1,"minecraft:cornflower":1,"minecraft:tall_grass":1,"minecraft:copper_ore":8,"farmersdelight:wild_tomatoes":4,"graveyard:dark_iron_block":1,"graveyard:birch_coffin":3,"minecraft:red_terracotta":4,"regions_unexplored:steppe_shrub":5,"minecraft:cobweb":15,"minecraft:brown_terracotta":2,"minecraft:cracked_stone_bricks":1,"minecraft:terracotta":18,"regions_unexplored:blue_magnolia_shrub":1,"minecraft:stone_bricks":22,"minecraft:mossy_stone_bricks":1,"minecraft:gold_ore":4,"minecraft:fern":9},"minecraft:killed_by":{"minecraft:evoker":2,"minecraft:creeper":1,"minecraft:pillager":3,"mobs_of_mythology:kobold_warrior":8,"minecraft:drowned":3,"minecraft:vindicator":6,"promenade:sunken_skeleton":3,"minecraft:zombie":10,"minecraft:illusioner":1,"minecraft:husk":5,"minecraft:player":7,"minecraft:spider":4,"minecraft:iron_golem":1,"besmirchment:werepyre":2,"mutantmonsters:mutant_skeleton":1,"minecraft:skeleton":6,"illagerinvasion:marauder":1,"livingthings:shark":5},"minecraft:picked_up":{"regions_unexplored:small_oak_log":7,"minecraft:iron_chestplate":1,"minecraft:wheat":1,"regions_unexplored:magnolia_log":52,"regions_unexplored:silt_dirt":1,"regions_unexplored:blue_magnolia_shrub":1,"mobs_of_mythology:kobold_spear":3,"minecraft:string":26,"mythicmetals:raw_aquarium":5,"minecraft:raw_copper":39,"variantshields:oak_diamond_shield":1,"minecraft:iron_leggings":1,"minecraft:beetroot":2,"illagerinvasion:platinum_infused_hatchet":1,"minecraft:red_sand":1,"minecraft:waxed_weathered_copper":2,"minecraft:cobbled_deepslate":5,"minecraft:redstone_torch":2,"minecraft:written_book":1,"minecraft:melon_slice":5,"minecraft:stick":59,"minecraft:porkchop":2,"mythicmetals:morkite":15,"minecraft:rabbit_foot":1,"minecraft:rotten_flesh":48,"mythicmetals:raw_manganese":14,"livingthings:shark_tooth":5,"minecraft:cod":10,"minecraft:cobblestone":67,"minecraft:smoker":1,"paraglider:spirit_orb":12,"inmis:baby_backpack":1,"minecraft:smooth_sandstone_stairs":1,"minecraft:lantern":4,"minecraft:horn_coral":3,"minecraft:cut_sandstone_slab":3,"mythicmetals:raw_platinum":11,"farmersdelight:tomato":2,"minecraft:dirt":24,"mcdar:boots_of_swiftness":1,"minecraft:bone":14,"minecraft:wheat_seeds":9,"minecraft:raw_gold":4,"minecraft:rabbit":1,"minecraft:diamond_helmet":2,"galosphere:raw_silver":18,"twigs:twig":16,"mythicmetals:raw_silver":4,"minecraft:waxed_exposed_copper":4,"regions_unexplored:pine_sapling":1,"minecraft:sand":3,"epicknightsnmages:scarlet_gem":5,"galosphere:silver_nugget":2,"minecraft:slime_block":1,"minecraft:crossbow":1,"knightquest:small_essence":3,"regions_unexplored:willow_log":2,"soulsweapons:verglas":2,"minecraft:emerald":28,"minecraft:bread":27,"bewitchment:ectoplasm":12,"twigs:rhyolite":8,"minecraft:diamond_pickaxe":2,"meadow:flecked_wool":1,"regions_unexplored:silt_coarse_dirt":1,"minecraft:yellow_candle":1,"promenade:blunite":1,"minecraft:cornflower":1,"dungeonnowloading:spawner_fragment":23,"minecraft:raw_iron":16,"minecraft:sandstone":2,"farmersdelight:tomato_seeds":8,"minecraft:carrot":19,"origins:orb_of_origin":5,"minecraft:dark_oak_planks":4,"immersive_armors:wooden_helmet":1,"minecraft:arrow":24,"minecraft:beetroot_seeds":6,"minecraft:diamond_boots":2,"minecraft:hay_block":1,"minecraft:sandstone_stairs":1,"minecraft:gold_ingot":1,"minecraft:mutton":3,"minecraft:white_wool":73,"epicknightsnmages:citrin_gem":7,"regions_unexplored:eucalyptus_log":18,"minecraft:salmon":2,"clutter:hops_seeds":1,"minecraft:cut_sandstone":3,"malum:cluster_of_brilliance":6,"bewitchment:aconite_seeds":2,"graveyard:birch_coffin":3,"regions_unexplored:small_oak_sapling":1,"minecraft:white_banner":2,"minecraft:orange_terracotta":36,"mcdw:sword_katana":2,"minecraft:kelp":1,"minecraft:iron_sword":4,"minecraft:oak_slab":3,"regions_unexplored:eucalyptus_sapling":5,"archon:bubble_beam_tome":1,"hybrid-aquatic:raw_crayfish":3,"twigs:bronzed_seashell":1,"minecraft:white_bed":3,"minecraft:spider_eye":5,"minecraft:slime_ball":12,"simplyskills:malevolent_manuscript":1,"minecraft:iron_helmet":1,"minecraft:diamond_axe":1,"minecraft:terracotta":15,"minecraft:acacia_slab":12,"minecraft:coal":9}},"DataVersion":3465}