{"stats":{"minecraft:broken":{"minecraft:wooden_sword":1},"minecraft:crafted":{"minecraft:crafting_table":2,"minecraft:wooden_pickaxe":1,"regions_unexplored:eucalyptus_planks":72,"minecraft:stick":76,"minecraft:torch":36},"minecraft:custom":{"lootr:looted_stat":5,"minecraft:mob_kills":11,"minecraft:interact_with_crafting_table":2,"minecraft:leave_game":9,"minecraft:time_since_death":11808,"minecraft:sleep_in_bed":2,"minecraft:climb_one_cm":1076,"minecraft:hex":0,"minecraft:time_since_rest":10465,"minecraft:sprint_one_cm":50343,"minecraft:damage_taken":5349,"minecraft:walk_one_cm":345643,"minecraft:damage_dealt":2496,"minecraft:swim_one_cm":432,"minecraft:talked_to_villager":1,"minecraft:fly_one_cm":96858,"minecraft:crouch_one_cm":32,"minecraft:play_time":97549,"minecraft:sneak_time":243,"minecraft:deaths":19,"minecraft:walk_under_water_one_cm":1599,"minecraft:jump":796,"minecraft:walk_on_water_one_cm":5276,"minecraft:total_world_time":97549,"minecraft:fall_one_cm":16856},"minecraft:killed":{"promenade:duck":1,"minecraft:rabbit":2,"minecraft:spider":5,"minecraft:skeleton":1,"hybrid-aquatic:crayfish":2},"minecraft:used":{"minecraft:wooden_pickaxe":14,"minecraft:green_bed":1,"minecraft:torch":3,"minecraft:sand":3,"minecraft:crafting_table":2,"minecraft:white_bed":1,"mobs_of_mythology:kobold_spear":30,"minecraft:diamond_pickaxe":42,"minecraft:apple":2,"farmersdelight:tomato":1,"minecraft:wooden_sword":45,"minecraft:cobblestone":5},"minecraft:mined":{"minecraft:mossy_cobblestone":1,"minecraft:red_sand":1,"mythicmetals:silver_ore":3,"minecraft:melon":1,"regions_unexplored:small_desert_shrub":1,"minecraft:dead_bush":2,"galosphere:silver_ore":5,"minecraft:cobblestone":3,"farmersdelight:wild_tomatoes":4,"mythicmetals:quadrillum_ore":5,"minecraft:carrots":6,"minecraft:iron_ore":8,"minecraft:fire":4,"mythicmetals:manganese_ore":10,"treechop:chopped_log":1,"regions_unexplored:steppe_grass":2,"minecraft:grass":5,"minecraft:beetroots":2,"minecraft:sand":3,"minecraft:cobweb":13,"minecraft:stone_bricks":5,"minecraft:stone":11},"minecraft:killed_by":{"minecraft:husk":4,"minecraft:player":3,"minecraft:skeleton":2,"minecraft:creeper":1,"minecraft:spider":3,"mobs_of_mythology:kobold_warrior":6},"minecraft:picked_up":{"regions_unexplored:eucalyptus_log":18,"mobs_of_mythology:kobold_spear":3,"farmersdelight:tomato":2,"minecraft:string":21,"minecraft:bone":1,"minecraft:beetroot":2,"minecraft:wheat_seeds":3,"minecraft:red_sand":1,"galosphere:raw_silver":5,"minecraft:rabbit":1,"minecraft:melon_slice":5,"twigs:twig":3,"mythicmetals:raw_silver":3,"minecraft:stick":4,"regions_unexplored:eucalyptus_sapling":5,"hybrid-aquatic:raw_crayfish":2,"minecraft:sand":3,"farmersdelight:tomato_seeds":4,"minecraft:carrot":16,"origins:orb_of_origin":1,"minecraft:spider_eye":5,"minecraft:rabbit_foot":1,"minecraft:arrow":4,"minecraft:rotten_flesh":4,"mythicmetals:raw_manganese":13,"minecraft:beetroot_seeds":6,"minecraft:emerald":11,"minecraft:bread":4,"minecraft:cobblestone":8}},"DataVersion":3465}