{"stats":{"minecraft:custom":{"minecraft:time_since_rest":4633,"minecraft:deaths":6,"minecraft:play_time":37285,"minecraft:damage_taken":1980,"minecraft:walk_one_cm":74567,"minecraft:walk_under_water_one_cm":1565,"minecraft:mob_kills":1,"minecraft:jump":164,"minecraft:damage_dealt":116,"minecraft:leave_game":7,"minecraft:walk_on_water_one_cm":3233,"minecraft:time_since_death":4591,"minecraft:total_world_time":37285,"minecraft:hex":0,"minecraft:fall_one_cm":2980,"minecraft:fly_one_cm":3394},"minecraft:killed":{"hybrid-aquatic:crayfish":1},"minecraft:mined":{"minecraft:dead_bush":1,"minecraft:sand":3},"minecraft:killed_by":{"minecraft:husk":3,"minecraft:spider":1,"mobs_of_mythology:kobold_warrior":2},"minecraft:picked_up":{"minecraft:stick":1,"hybrid-aquatic:raw_crayfish":1,"minecraft:sand":3}},"DataVersion":3465}