{"stats":{"minecraft:broken":{"minecraft:wooden_sword":1},"minecraft:crafted":{"minecraft:crafting_table":2,"minecraft:stick":76,"minecraft:wooden_pickaxe":1,"regions_unexplored:eucalyptus_planks":72},"minecraft:custom":{"minecraft:time_since_rest":5531,"lootr:looted_stat":5,"minecraft:sprint_one_cm":50343,"minecraft:damage_taken":5339,"minecraft:walk_one_cm":323205,"minecraft:mob_kills":11,"minecraft:damage_dealt":2496,"minecraft:swim_one_cm":432,"minecraft:interact_with_crafting_table":2,"minecraft:fly_one_cm":96827,"minecraft:talked_to_villager":1,"minecraft:play_time":92615,"minecraft:deaths":19,"minecraft:walk_under_water_one_cm":1599,"minecraft:jump":792,"minecraft:leave_game":9,"minecraft:time_since_death":6874,"minecraft:walk_on_water_one_cm":5276,"minecraft:sleep_in_bed":2,"minecraft:total_world_time":92615,"minecraft:climb_one_cm":1076,"minecraft:hex":0,"minecraft:fall_one_cm":15983},"minecraft:killed":{"minecraft:skeleton":1,"promenade:duck":1,"minecraft:rabbit":2,"minecraft:spider":5,"hybrid-aquatic:crayfish":2},"minecraft:used":{"mobs_of_mythology:kobold_spear":30,"minecraft:apple":2,"farmersdelight:tomato":1,"minecraft:wooden_pickaxe":14,"minecraft:wooden_sword":45,"minecraft:sand":3,"minecraft:crafting_table":2},"minecraft:mined":{"minecraft:carrots":6,"minecraft:mossy_cobblestone":1,"minecraft:fire":4,"treechop:chopped_log":1,"regions_unexplored:steppe_grass":2,"minecraft:grass":5,"minecraft:red_sand":1,"minecraft:beetroots":2,"minecraft:melon":1,"regions_unexplored:small_desert_shrub":1,"minecraft:dead_bush":2,"minecraft:sand":3,"minecraft:cobweb":13,"minecraft:cobblestone":3,"minecraft:stone_bricks":5,"farmersdelight:wild_tomatoes":4},"minecraft:killed_by":{"minecraft:husk":4,"minecraft:player":3,"minecraft:skeleton":2,"minecraft:creeper":1,"minecraft:spider":3,"mobs_of_mythology:kobold_warrior":6},"minecraft:picked_up":{"minecraft:stick":4,"regions_unexplored:eucalyptus_sapling":5,"regions_unexplored:eucalyptus_log":18,"hybrid-aquatic:raw_crayfish":2,"mobs_of_mythology:kobold_spear":3,"minecraft:sand":3,"farmersdelight:tomato_seeds":4,"minecraft:carrot":16,"origins:orb_of_origin":1,"minecraft:rabbit_foot":1,"minecraft:spider_eye":5,"farmersdelight:tomato":2,"minecraft:string":21,"minecraft:bone":1,"minecraft:arrow":4,"minecraft:rotten_flesh":4,"minecraft:beetroot":2,"minecraft:beetroot_seeds":6,"minecraft:wheat_seeds":3,"minecraft:red_sand":1,"minecraft:bread":4,"minecraft:emerald":11,"minecraft:rabbit":1,"twigs:twig":3,"minecraft:melon_slice":5}},"DataVersion":3465}