{"stats":{"minecraft:custom":{"minecraft:time_since_rest":1827,"minecraft:sprint_one_cm":21775,"minecraft:deaths":8,"minecraft:play_time":49285,"minecraft:damage_taken":2491,"minecraft:walk_one_cm":94267,"minecraft:walk_under_water_one_cm":1582,"minecraft:mob_kills":3,"minecraft:jump":235,"minecraft:damage_dealt":176,"minecraft:leave_game":7,"minecraft:walk_on_water_one_cm":3585,"minecraft:time_since_death":1780,"minecraft:total_world_time":49285,"minecraft:hex":0,"minecraft:swim_one_cm":432,"minecraft:fall_one_cm":4842,"minecraft:fly_one_cm":11214},"minecraft:killed":{"minecraft:rabbit":2,"hybrid-aquatic:crayfish":1},"minecraft:used":{"minecraft:wooden_sword":3},"minecraft:mined":{"minecraft:red_sand":1,"minecraft:dead_bush":2,"minecraft:sand":3},"minecraft:killed_by":{"minecraft:husk":3,"minecraft:spider":1,"minecraft:player":1,"mobs_of_mythology:kobold_warrior":3},"minecraft:picked_up":{"minecraft:stick":3,"minecraft:bone":1,"minecraft:arrow":3,"minecraft:rotten_flesh":2,"minecraft:red_sand":1,"hybrid-aquatic:raw_crayfish":1,"minecraft:sand":3,"minecraft:rabbit":1,"origins:orb_of_origin":1,"minecraft:rabbit_foot":1}},"DataVersion":3465}