{"stats":{"minecraft:custom":{"minecraft:jump":56,"minecraft:time_since_rest":992,"minecraft:damage_dealt":116,"minecraft:walk_on_water_one_cm":1619,"minecraft:walk_one_cm":37793,"minecraft:leave_game":6,"minecraft:play_time":26138,"minecraft:damage_taken":1305,"minecraft:time_since_death":0,"minecraft:deaths":4,"minecraft:total_world_time":26138,"minecraft:hex":0,"minecraft:mob_kills":1,"minecraft:fall_one_cm":476,"minecraft:fly_one_cm":2316},"minecraft:killed":{"hybrid-aquatic:crayfish":1},"minecraft:killed_by":{"minecraft:husk":3,"minecraft:spider":1},"minecraft:picked_up":{"hybrid-aquatic:raw_crayfish":1}},"DataVersion":3465}