{"stats":{"minecraft:crafted":{"minecraft:crafting_table":1,"minecraft:stick":52,"regions_unexplored:eucalyptus_planks":72},"minecraft:custom":{"minecraft:time_since_rest":329,"lootr:looted_stat":2,"minecraft:sprint_one_cm":32055,"minecraft:damage_taken":4042,"minecraft:walk_one_cm":212737,"minecraft:mob_kills":5,"minecraft:damage_dealt":977,"minecraft:swim_one_cm":432,"minecraft:interact_with_crafting_table":1,"minecraft:fly_one_cm":87924,"minecraft:play_time":73285,"minecraft:deaths":14,"minecraft:walk_under_water_one_cm":1599,"minecraft:jump":561,"minecraft:leave_game":7,"minecraft:time_since_death":293,"minecraft:walk_on_water_one_cm":4969,"minecraft:sleep_in_bed":1,"minecraft:climb_one_cm":636,"minecraft:total_world_time":73285,"minecraft:hex":0,"minecraft:fall_one_cm":9297},"minecraft:killed":{"minecraft:skeleton":1,"minecraft:rabbit":2,"hybrid-aquatic:crayfish":2},"minecraft:used":{"farmersdelight:tomato":1,"minecraft:wooden_sword":24,"minecraft:crafting_table":1},"minecraft:mined":{"minecraft:carrots":6,"treechop:chopped_log":1,"regions_unexplored:steppe_grass":2,"minecraft:grass":5,"minecraft:red_sand":1,"minecraft:beetroots":2,"regions_unexplored:small_desert_shrub":1,"minecraft:dead_bush":2,"minecraft:sand":3,"farmersdelight:wild_tomatoes":4},"minecraft:killed_by":{"minecraft:husk":4,"minecraft:player":1,"minecraft:skeleton":2,"minecraft:spider":1,"mobs_of_mythology:kobold_warrior":6},"minecraft:picked_up":{"minecraft:stick":4,"regions_unexplored:eucalyptus_sapling":5,"regions_unexplored:eucalyptus_log":18,"hybrid-aquatic:raw_crayfish":2,"mobs_of_mythology:kobold_spear":1,"minecraft:sand":3,"farmersdelight:tomato_seeds":4,"minecraft:carrot":16,"origins:orb_of_origin":1,"farmersdelight:tomato":2,"minecraft:rabbit_foot":1,"minecraft:beetroot":2,"minecraft:arrow":3,"minecraft:bone":1,"minecraft:rotten_flesh":4,"minecraft:beetroot_seeds":6,"minecraft:wheat_seeds":1,"minecraft:red_sand":1,"minecraft:bread":4,"minecraft:emerald":5,"minecraft:rabbit":1,"twigs:twig":3}},"DataVersion":3465}