{
  "minecraft:clutter/root": {
    "criteria": {
      "requirement": "2024-09-20 15:11:29 +0000"
    },
    "done": true
  },
  "artifality:root": {
    "criteria": {
      "start": "2024-09-20 15:11:29 +0000"
    },
    "done": true
  },
  "spellbladenext:spellblades/root": {
    "criteria": {
      "always": "2024-09-20 15:11:41 +0000"
    },
    "done": true
  },
  "guardiansgalore:blaze_bell": {
    "criteria": {
      "has_gold_ingot": "2024-09-20 15:11:41 +0000"
    },
    "done": true
  },
  "simplyswords:grant_book_on_first_join": {
    "criteria": {
      "tick": "2024-09-20 15:11:41 +0000"
    },
    "done": true
  },
  "minecraft:recipes/decorations/crafting_table": {
    "criteria": {
      "unlock_right_away": "2024-09-20 15:11:41 +0000"
    },
    "done": true
  },
  "toms_storage:unlock_netherite": {
    "criteria": {
      "inv_changed-netherite": "2024-09-20 15:11:41 +0000"
    },
    "done": true
  },
  "toms_storage:unlock_chest": {
    "criteria": {
      "inv_changed-chest": "2024-09-20 15:11:41 +0000"
    },
    "done": true
  },
  "frostiful:recipes/combat/armor/armored_ice_skates": {
    "criteria": {
      "has_fur_boots": "2024-09-20 15:11:41 +0000"
    },
    "done": true
  },
  "betterdungeons:root": {
    "criteria": {
      "always": "2024-09-20 15:11:41 +0000"
    },
    "done": true
  },
  "frostiful:recipes/misc/snowflake_banner_pattern": {
    "criteria": {
      "has_packed_snowball": "2024-09-20 15:11:41 +0000"
    },
    "done": true
  },
  "mobs_of_mythology:mobs_of_mythology": {
    "criteria": {
      "tick": "2024-09-20 15:11:41 +0000"
    },
    "done": true
  },
  "meadow:main/root": {
    "criteria": {
      "seeds": "2024-09-20 15:11:41 +0000"
    },
    "done": true
  },
  "frostiful:recipes/combat/armor/fur_padded_chainmail_leggings": {
    "criteria": {
      "has_fur_armor": "2024-09-20 15:11:41 +0000"
    },
    "done": true
  },
  "betterdeserttemples:root": {
    "criteria": {
      "always": "2024-09-20 15:11:41 +0000"
    },
    "done": true
  },
  "soaringstructures2:soaringstart": {
    "criteria": {
      "adv_test": "2024-09-20 15:11:41 +0000"
    },
    "done": true
  },
  "vinery:main/root": {
    "criteria": {
      "seeds": "2024-09-20 15:11:41 +0000"
    },
    "done": true
  },
  "totw_reworked:root": {
    "criteria": {
      "sample_trigger": "2024-09-20 15:11:41 +0000"
    },
    "done": true
  },
  "frostiful:recipes/combat/armor/ice_skates": {
    "criteria": {
      "has_fur_boots": "2024-09-20 15:11:41 +0000"
    },
    "done": true
  },
  "guardiansgalore:guardian_block_granite": {
    "criteria": {
      "has_stone": "2024-09-20 15:11:41 +0000"
    },
    "done": true
  },
  "guardiansgalore:guardian_bowls": {
    "criteria": {
      "has_bowl": "2024-09-20 15:11:41 +0000"
    },
    "done": true
  },
  "toms_storage:unlock_dia_pearl": {
    "criteria": {
      "inv_changed-ender_pearl": "2024-09-20 15:11:41 +0000",
      "inv_changed-diamond": "2024-09-20 15:11:41 +0000"
    },
    "done": true
  },
  "guardiansgalore:guardian_block": {
    "criteria": {
      "has_stone": "2024-09-20 15:11:41 +0000"
    },
    "done": true
  },
  "rpg_series:root": {
    "criteria": {
      "always": "2024-09-20 15:11:41 +0000"
    },
    "done": true
  },
  "toms_storage:unlock_glowstone": {
    "criteria": {
      "inv_changed-glowstone": "2024-09-20 15:11:41 +0000"
    },
    "done": true
  },
  "repurposed_structures:root": {
    "criteria": {
      "always": "2024-09-20 15:11:41 +0000"
    },
    "done": true
  },
  "archon:root": {
    "criteria": {
      "tick": "2024-09-20 15:11:41 +0000"
    },
    "done": true
  },
  "bakery:main/root": {
    "criteria": {
      "seeds": "2024-09-20 15:11:41 +0000"
    },
    "done": true
  },
  "more_rpg_content:root": {
    "criteria": {
      "always": "2024-09-20 15:11:41 +0000"
    },
    "done": true
  },
  "guardiansgalore:guardian_block_sandstone": {
    "criteria": {
      "has_stone": "2024-09-20 15:11:41 +0000"
    },
    "done": true
  },
  "guardiansgalore:guardian_block_diorite": {
    "criteria": {
      "has_stone": "2024-09-20 15:11:41 +0000"
    },
    "done": true
  },
  "frostiful:recipes/combat/armor/fur_padded_chainmail_helmet": {
    "criteria": {
      "has_fur_armor": "2024-09-20 15:11:41 +0000"
    },
    "done": true
  },
  "lootr:root": {
    "criteria": {
      "always_true": "2024-09-20 15:11:41 +0000"
    },
    "done": true
  },
  "farmersdelight:main/root": {
    "criteria": {
      "seeds": "2024-09-20 15:11:41 +0000"
    },
    "done": true
  },
  "frostiful:recipes/combat/armor/fur_padded_chainmail_chestplate": {
    "criteria": {
      "has_fur_armor": "2024-09-20 15:11:41 +0000"
    },
    "done": true
  },
  "frostiful:recipes/combat/armor/fur_padded_chainmail_boots": {
    "criteria": {
      "has_fur_armor": "2024-09-20 15:11:41 +0000"
    },
    "done": true
  },
  "besmirchment:demonic_deed": {
    "criteria": {
      "has_item": "2024-09-20 15:11:41 +0000"
    },
    "done": true
  },
  "davespotioneering:recipes/tools/blue_umbrella": {
    "criteria": {
      "has_shield": "2024-09-20 15:11:43 +0000"
    },
    "done": true
  },
  "meadow:recipes/cheese_bread": {
    "criteria": {
      "has_bread": "2024-09-20 15:11:43 +0000"
    },
    "done": true
  },
  "variantshields:recipes/decorations/shield": {
    "criteria": {
      "has_variant_item": "2024-09-20 15:11:43 +0000"
    },
    "done": true
  },
  "davespotioneering:recipes/tools/green_umbrella": {
    "criteria": {
      "has_shield": "2024-09-20 15:11:43 +0000"
    },
    "done": true
  },
  "davespotioneering:recipes/tools/yellow_umbrella": {
    "criteria": {
      "has_shield": "2024-09-20 15:11:43 +0000"
    },
    "done": true
  },
  "knightquest:recipes/misc/shield_chestplate": {
    "criteria": {
      "has_shield": "2024-09-20 15:11:43 +0000"
    },
    "done": true
  },
  "knightquest:recipes/misc/shield_leggings": {
    "criteria": {
      "has_shield": "2024-09-20 15:11:43 +0000"
    },
    "done": true
  },
  "minecraft:recipes/combat/shield": {
    "criteria": {
      "has_the_recipe": "2024-09-20 15:11:43 +0000"
    },
    "done": true
  },
  "davespotioneering:recipes/tools/gray_umbrella": {
    "criteria": {
      "has_shield": "2024-09-20 15:11:43 +0000"
    },
    "done": true
  },
  "knightquest:recipes/misc/shield_helmet": {
    "criteria": {
      "has_shield": "2024-09-20 15:11:43 +0000"
    },
    "done": true
  },
  "davespotioneering:recipes/brewing/compound_brewing_stand": {
    "criteria": {
      "has_shield": "2024-09-20 15:11:43 +0000"
    },
    "done": true
  },
  "davespotioneering:recipes/tools/red_umbrella": {
    "criteria": {
      "has_shield": "2024-09-20 15:11:43 +0000"
    },
    "done": true
  },
  "davespotioneering:recipes/tools/gilded_umbrella": {
    "criteria": {
      "has_shield": "2024-09-20 15:11:43 +0000"
    },
    "done": true
  },
  "davespotioneering:recipes/tools/white_umbrella": {
    "criteria": {
      "has_shield": "2024-09-20 15:11:43 +0000"
    },
    "done": true
  },
  "davespotioneering:recipes/tools/cyan_umbrella": {
    "criteria": {
      "has_shield": "2024-09-20 15:11:43 +0000"
    },
    "done": true
  },
  "davespotioneering:recipes/tools/light_blue_umbrella": {
    "criteria": {
      "has_shield": "2024-09-20 15:11:43 +0000"
    },
    "done": true
  },
  "davespotioneering:recipes/tools/orange_umbrella": {
    "criteria": {
      "has_shield": "2024-09-20 15:11:43 +0000"
    },
    "done": true
  },
  "davespotioneering:recipes/tools/magenta_umbrella": {
    "criteria": {
      "has_shield": "2024-09-20 15:11:43 +0000"
    },
    "done": true
  },
  "bakery:recipes/sandwich": {
    "criteria": {
      "has_bread": "2024-09-20 15:11:43 +0000"
    },
    "done": true
  },
  "davespotioneering:recipes/tools/lime_umbrella": {
    "criteria": {
      "has_shield": "2024-09-20 15:11:43 +0000"
    },
    "done": true
  },
  "davespotioneering:recipes/tools/light_gray_umbrella": {
    "criteria": {
      "has_shield": "2024-09-20 15:11:43 +0000"
    },
    "done": true
  },
  "davespotioneering:recipes/tools/black_umbrella": {
    "criteria": {
      "has_shield": "2024-09-20 15:11:43 +0000"
    },
    "done": true
  },
  "davespotioneering:recipes/tools/purple_umbrella": {
    "criteria": {
      "has_shield": "2024-09-20 15:11:43 +0000"
    },
    "done": true
  },
  "davespotioneering:recipes/tools/brown_umbrella": {
    "criteria": {
      "has_shield": "2024-09-20 15:11:43 +0000"
    },
    "done": true
  },
  "davespotioneering:recipes/tools/aged_umbrella": {
    "criteria": {
      "has_shield": "2024-09-20 15:11:43 +0000"
    },
    "done": true
  },
  "davespotioneering:recipes/tools/pink_umbrella": {
    "criteria": {
      "has_shield": "2024-09-20 15:11:43 +0000"
    },
    "done": true
  },
  "knightquest:recipes/misc/shield_boots": {
    "criteria": {
      "has_shield": "2024-09-20 15:11:43 +0000"
    },
    "done": true
  },
  "betternether:root": {
    "criteria": {
      "welcome": "2024-09-20 15:11:44 +0000"
    },
    "done": true
  },
  "betterend:root": {
    "criteria": {
      "welcome": "2024-09-20 15:11:44 +0000"
    },
    "done": true
  },
  "regions_unexplored:parent": {
    "criteria": {
      "load_in_world": "2024-09-20 15:11:44 +0000"
    },
    "done": true
  },
  "minecraft:adventure/adventuring_time": {
    "criteria": {
      "minecraft:eroded_badlands": "2024-09-21 06:53:37 +0000",
      "minecraft:river": "2024-09-20 15:16:11 +0000",
      "minecraft:desert": "2024-09-20 15:11:44 +0000"
    },
    "done": false
  },
  "regions_unexplored:recipes/transportation/maple_boat": {
    "criteria": {
      "in_water": "2024-09-20 15:16:11 +0000"
    },
    "done": true
  },
  "smallships:recipes/transportation/bamboo_galley": {
    "criteria": {
      "in_water": "2024-09-20 15:16:11 +0000"
    },
    "done": true
  },
  "deeperdarker:recipes/transportation/echo_boat": {
    "criteria": {
      "in_water": "2024-09-20 15:16:11 +0000"
    },
    "done": true
  },
  "smallships:recipes/transportation/spruce_cog": {
    "criteria": {
      "in_water": "2024-09-20 15:16:11 +0000"
    },
    "done": true
  },
  "smallships:recipes/transportation/acacia_cog": {
    "criteria": {
      "in_water": "2024-09-20 15:16:11 +0000"
    },
    "done": true
  },
  "bewitchment:recipes/transportation/juniper_boat": {
    "criteria": {
      "in_water": "2024-09-20 15:16:11 +0000"
    },
    "done": true
  },
  "deeperdarker:recipes/transportation/bloom_boat": {
    "criteria": {
      "in_water": "2024-09-20 15:16:11 +0000"
    },
    "done": true
  },
  "regions_unexplored:recipes/transportation/magnolia_boat": {
    "criteria": {
      "in_water": "2024-09-20 15:16:11 +0000"
    },
    "done": true
  },
  "smallships:recipes/transportation/jungle_cog": {
    "criteria": {
      "in_water": "2024-09-20 15:16:11 +0000"
    },
    "done": true
  },
  "slayersbeasts:recipes/transportation/eucalyptus_boat": {
    "criteria": {
      "in_water": "2024-09-20 15:16:11 +0000"
    },
    "done": true
  },
  "minecraft:recipes/transportation/cherry_boat": {
    "criteria": {
      "in_water": "2024-09-20 15:16:11 +0000"
    },
    "done": true
  },
  "slayersbeasts:recipes/transportation/redwood_boat": {
    "criteria": {
      "in_water": "2024-09-20 15:16:11 +0000"
    },
    "done": true
  },
  "smallships:recipes/transportation/oak_drakkar": {
    "criteria": {
      "in_water": "2024-09-20 15:16:11 +0000"
    },
    "done": true
  },
  "smallships:recipes/transportation/jungle_brigg": {
    "criteria": {
      "in_water": "2024-09-20 15:16:11 +0000"
    },
    "done": true
  },
  "smallships:recipes/transportation/spruce_galley": {
    "criteria": {
      "in_water": "2024-09-20 15:16:11 +0000"
    },
    "done": true
  },
  "smallships:recipes/transportation/birch_cog": {
    "criteria": {
      "in_water": "2024-09-20 15:16:11 +0000"
    },
    "done": true
  },
  "minecraft:recipes/transportation/acacia_boat": {
    "criteria": {
      "in_water": "2024-09-20 15:16:11 +0000"
    },
    "done": true
  },
  "slayersbeasts:recipes/transportation/aspen_boat": {
    "criteria": {
      "in_water": "2024-09-20 15:16:11 +0000"
    },
    "done": true
  },
  "smallships:recipes/transportation/bamboo_brigg": {
    "criteria": {
      "in_water": "2024-09-20 15:16:11 +0000"
    },
    "done": true
  },
  "minecraft:recipes/transportation/jungle_boat": {
    "criteria": {
      "in_water": "2024-09-20 15:16:11 +0000"
    },
    "done": true
  },
  "smallships:recipes/transportation/bamboo_cog": {
    "criteria": {
      "in_water": "2024-09-20 15:16:11 +0000"
    },
    "done": true
  },
  "regions_unexplored:recipes/transportation/pine_boat": {
    "criteria": {
      "in_water": "2024-09-20 15:16:11 +0000"
    },
    "done": true
  },
  "promenade:recipes/crafting/maple/boat": {
    "criteria": {
      "in_water": "2024-09-20 15:16:11 +0000"
    },
    "done": true
  },
  "regions_unexplored:recipes/transportation/socotra_boat": {
    "criteria": {
      "in_water": "2024-09-20 15:16:11 +0000"
    },
    "done": true
  },
  "minecraft:recipes/transportation/spruce_boat": {
    "criteria": {
      "in_water": "2024-09-20 15:16:11 +0000"
    },
    "done": true
  },
  "smallships:recipes/transportation/acacia_brigg": {
    "criteria": {
      "in_water": "2024-09-20 15:16:11 +0000"
    },
    "done": true
  },
  "regions_unexplored:recipes/transportation/dead_boat": {
    "criteria": {
      "in_water": "2024-09-20 15:16:11 +0000"
    },
    "done": true
  },
  "smallships:recipes/transportation/mangrove_galley": {
    "criteria": {
      "in_water": "2024-09-20 15:16:11 +0000"
    },
    "done": true
  },
  "minecraft:recipes/transportation/mangrove_boat": {
    "criteria": {
      "in_water": "2024-09-20 15:16:11 +0000"
    },
    "done": true
  },
  "smallships:recipes/transportation/cherry_drakkar": {
    "criteria": {
      "in_water": "2024-09-20 15:16:11 +0000"
    },
    "done": true
  },
  "smallships:recipes/transportation/dark_oak_drakkar": {
    "criteria": {
      "in_water": "2024-09-20 15:16:11 +0000"
    },
    "done": true
  },
  "smallships:recipes/transportation/jungle_drakkar": {
    "criteria": {
      "in_water": "2024-09-20 15:16:11 +0000"
    },
    "done": true
  },
  "smallships:recipes/transportation/birch_brigg": {
    "criteria": {
      "in_water": "2024-09-20 15:16:11 +0000"
    },
    "done": true
  },
  "regions_unexplored:recipes/transportation/baobab_boat": {
    "criteria": {
      "in_water": "2024-09-20 15:16:11 +0000"
    },
    "done": true
  },
  "smallships:recipes/transportation/cherry_brigg": {
    "criteria": {
      "in_water": "2024-09-20 15:16:11 +0000"
    },
    "done": true
  },
  "smallships:recipes/transportation/spruce_brigg": {
    "criteria": {
      "in_water": "2024-09-20 15:16:11 +0000"
    },
    "done": true
  },
  "slayersbeasts:recipes/transportation/desert_oak_boat": {
    "criteria": {
      "in_water": "2024-09-20 15:16:11 +0000"
    },
    "done": true
  },
  "smallships:recipes/transportation/bamboo_drakkar": {
    "criteria": {
      "in_water": "2024-09-20 15:16:11 +0000"
    },
    "done": true
  },
  "smallships:recipes/transportation/mangrove_cog": {
    "criteria": {
      "in_water": "2024-09-20 15:16:11 +0000"
    },
    "done": true
  },
  "regions_unexplored:recipes/transportation/joshua_boat": {
    "criteria": {
      "in_water": "2024-09-20 15:16:11 +0000"
    },
    "done": true
  },
  "minecraft:recipes/transportation/dark_oak_boat": {
    "criteria": {
      "in_water": "2024-09-20 15:16:11 +0000"
    },
    "done": true
  },
  "smallships:recipes/transportation/dark_oak_brigg": {
    "criteria": {
      "in_water": "2024-09-20 15:16:11 +0000"
    },
    "done": true
  },
  "slayersbeasts:recipes/transportation/willow_boat": {
    "criteria": {
      "in_water": "2024-09-20 15:16:11 +0000"
    },
    "done": true
  },
  "smallships:recipes/transportation/birch_galley": {
    "criteria": {
      "in_water": "2024-09-20 15:16:11 +0000"
    },
    "done": true
  },
  "minecraft:recipes/transportation/bamboo_raft": {
    "criteria": {
      "in_water": "2024-09-20 15:16:11 +0000"
    },
    "done": true
  },
  "smallships:recipes/transportation/mangrove_brigg": {
    "criteria": {
      "in_water": "2024-09-20 15:16:11 +0000"
    },
    "done": true
  },
  "regions_unexplored:recipes/transportation/kapok_boat": {
    "criteria": {
      "in_water": "2024-09-20 15:16:11 +0000"
    },
    "done": true
  },
  "regions_unexplored:recipes/transportation/cypress_boat": {
    "criteria": {
      "in_water": "2024-09-20 15:16:11 +0000"
    },
    "done": true
  },
  "bewitchment:recipes/transportation/elder_boat": {
    "criteria": {
      "in_water": "2024-09-20 15:16:11 +0000"
    },
    "done": true
  },
  "smallships:recipes/transportation/mangrove_drakkar": {
    "criteria": {
      "in_water": "2024-09-20 15:16:11 +0000"
    },
    "done": true
  },
  "smallships:recipes/misc/sail": {
    "criteria": {
      "in_water": "2024-09-20 15:16:11 +0000"
    },
    "done": true
  },
  "regions_unexplored:recipes/transportation/larch_boat": {
    "criteria": {
      "in_water": "2024-09-20 15:16:11 +0000"
    },
    "done": true
  },
  "smallships:recipes/transportation/acacia_galley": {
    "criteria": {
      "in_water": "2024-09-20 15:16:11 +0000"
    },
    "done": true
  },
  "smallships:recipes/transportation/jungle_galley": {
    "criteria": {
      "in_water": "2024-09-20 15:16:11 +0000"
    },
    "done": true
  },
  "smallships:recipes/transportation/dark_oak_galley": {
    "criteria": {
      "in_water": "2024-09-20 15:16:11 +0000"
    },
    "done": true
  },
  "smallships:recipes/transportation/spruce_drakkar": {
    "criteria": {
      "in_water": "2024-09-20 15:16:11 +0000"
    },
    "done": true
  },
  "regions_unexplored:recipes/transportation/blackwood_boat": {
    "criteria": {
      "in_water": "2024-09-20 15:16:11 +0000"
    },
    "done": true
  },
  "slayersbeasts:recipes/transportation/kapok_boat": {
    "criteria": {
      "in_water": "2024-09-20 15:16:11 +0000"
    },
    "done": true
  },
  "smallships:recipes/transportation/oak_brigg": {
    "criteria": {
      "in_water": "2024-09-20 15:16:11 +0000"
    },
    "done": true
  },
  "bewitchment:recipes/transportation/dragons_blood_boat": {
    "criteria": {
      "in_water": "2024-09-20 15:16:11 +0000"
    },
    "done": true
  },
  "regions_unexplored:recipes/transportation/eucalyptus_boat": {
    "criteria": {
      "in_water": "2024-09-20 15:16:11 +0000"
    },
    "done": true
  },
  "regions_unexplored:recipes/transportation/palm_boat": {
    "criteria": {
      "in_water": "2024-09-20 15:16:11 +0000"
    },
    "done": true
  },
  "smallships:recipes/transportation/oak_cog": {
    "criteria": {
      "in_water": "2024-09-20 15:16:11 +0000"
    },
    "done": true
  },
  "smallships:recipes/transportation/oak_galley": {
    "criteria": {
      "in_water": "2024-09-20 15:16:11 +0000"
    },
    "done": true
  },
  "regions_unexplored:recipes/transportation/oak_boat": {
    "criteria": {
      "has_the_recipe": "2024-09-20 15:16:11 +0000",
      "in_water": "2024-09-20 15:16:11 +0000"
    },
    "done": true
  },
  "minecraft:recipes/transportation/birch_boat": {
    "criteria": {
      "in_water": "2024-09-20 15:16:11 +0000"
    },
    "done": true
  },
  "bewitchment:recipes/transportation/cypress_boat": {
    "criteria": {
      "in_water": "2024-09-20 15:16:11 +0000"
    },
    "done": true
  },
  "minecraft:recipes/transportation/oak_boat": {
    "criteria": {
      "in_water": "2024-09-20 15:16:11 +0000"
    },
    "done": true
  },
  "smallships:recipes/transportation/dark_oak_cog": {
    "criteria": {
      "in_water": "2024-09-20 15:16:11 +0000"
    },
    "done": true
  },
  "smallships:recipes/transportation/birch_drakkar": {
    "criteria": {
      "in_water": "2024-09-20 15:16:11 +0000"
    },
    "done": true
  },
  "promenade:recipes/crafting/sakura/boat": {
    "criteria": {
      "in_water": "2024-09-20 15:16:11 +0000"
    },
    "done": true
  },
  "regions_unexplored:recipes/transportation/mauve_boat": {
    "criteria": {
      "in_water": "2024-09-20 15:16:11 +0000"
    },
    "done": true
  },
  "regions_unexplored:recipes/transportation/redwood_boat": {
    "criteria": {
      "in_water": "2024-09-20 15:16:11 +0000"
    },
    "done": true
  },
  "promenade:recipes/crafting/palm/boat": {
    "criteria": {
      "in_water": "2024-09-20 15:16:11 +0000"
    },
    "done": true
  },
  "smallships:recipes/transportation/acacia_drakkar": {
    "criteria": {
      "in_water": "2024-09-20 15:16:11 +0000"
    },
    "done": true
  },
  "smallships:recipes/transportation/cherry_galley": {
    "criteria": {
      "in_water": "2024-09-20 15:16:11 +0000"
    },
    "done": true
  },
  "regions_unexplored:recipes/transportation/willow_boat": {
    "criteria": {
      "in_water": "2024-09-20 15:16:11 +0000"
    },
    "done": true
  },
  "smallships:recipes/transportation/cherry_cog": {
    "criteria": {
      "in_water": "2024-09-20 15:16:11 +0000"
    },
    "done": true
  },
  "mutantmonsters:root": {
    "criteria": {
      "killed_something": "2024-09-20 15:17:52 +0000"
    },
    "done": true
  },
  "minecraft:adventure/kill_a_mob": {
    "criteria": {
      "minecraft:creeper": "2024-09-20 15:17:52 +0000"
    },
    "done": true
  },
  "minecraft:adventure/kill_all_mobs": {
    "criteria": {
      "minecraft:spider": "2024-09-20 15:25:09 +0000",
      "minecraft:creeper": "2024-09-20 15:17:52 +0000",
      "minecraft:zombie": "2024-09-20 15:20:36 +0000",
      "minecraft:zombie_villager": "2024-09-20 15:23:23 +0000"
    },
    "done": false
  },
  "minecraft:adventure/root": {
    "criteria": {
      "killed_something": "2024-09-20 15:17:52 +0000"
    },
    "done": true
  },
  "knightquest:recipes/misc/creeper_boots": {
    "criteria": {
      "has_gunpowder": "2024-09-20 15:17:53 +0000"
    },
    "done": true
  },
  "minecraft:recipes/misc/firework_rocket_simple": {
    "criteria": {
      "has_gunpowder": "2024-09-20 15:17:53 +0000"
    },
    "done": true
  },
  "betterarcheology:recipes/combat/bomb": {
    "criteria": {
      "has_gunpowder": "2024-09-20 15:17:53 +0000"
    },
    "done": true
  },
  "mcdw:recipes/bows/bow_pink_scoundrel": {
    "criteria": {
      "has_gunpowder": "2024-09-20 15:17:53 +0000"
    },
    "done": true
  },
  "regions_unexplored:recipes/building_blocks/ash": {
    "criteria": {
      "has_gunpowder": "2024-09-20 15:17:53 +0000"
    },
    "done": true
  },
  "knightquest:recipes/misc/creeper_chestplate": {
    "criteria": {
      "has_gunpowder": "2024-09-20 15:17:53 +0000"
    },
    "done": true
  },
  "galosphere:recipes/combat/silver_bomb": {
    "criteria": {
      "has_gunpowder": "2024-09-20 15:17:53 +0000"
    },
    "done": true
  },
  "knightquest:recipes/misc/creeper_leggings": {
    "criteria": {
      "has_gunpowder": "2024-09-20 15:17:53 +0000"
    },
    "done": true
  },
  "dungeonnowloading:recipes/combat/explosive_barrel": {
    "criteria": {
      "has_gunpowder": "2024-09-20 15:17:53 +0000"
    },
    "done": true
  },
  "knightquest:recipes/misc/creeper_helmet": {
    "criteria": {
      "has_gunpowder": "2024-09-20 15:17:53 +0000"
    },
    "done": true
  },
  "minecraft:recipes/redstone/tnt": {
    "criteria": {
      "has_gunpowder": "2024-09-20 15:17:53 +0000"
    },
    "done": true
  },
  "mcdw:recipes/double_axes/double_axe_cursed": {
    "criteria": {
      "has_rotten_flesh": "2024-09-20 15:20:37 +0000"
    },
    "done": true
  },
  "knightquest:recipes/misc/zombie_helmet": {
    "criteria": {
      "has_rotten_flesh": "2024-09-20 15:20:37 +0000"
    },
    "done": true
  },
  "knightquest:recipes/misc/zombie_helmet2": {
    "criteria": {
      "has_rotten_flesh": "2024-09-20 15:20:37 +0000"
    },
    "done": true
  },
  "mcda:recipes/crafting_items/glut_charm": {
    "criteria": {
      "has_rotten_flesh": "2024-09-20 15:20:37 +0000"
    },
    "done": true
  },
  "knightquest:knightquest": {
    "criteria": {
      "requirement": "2024-09-20 15:20:37 +0000"
    },
    "done": true
  },
  "knightquest:recipes/misc/zombie_leggings": {
    "criteria": {
      "has_rotten_flesh": "2024-09-20 15:20:37 +0000"
    },
    "done": true
  },
  "farmersdelight:recipes/farmersdelight/cooking/dog_food": {
    "criteria": {
      "has_any_ingredient": "2024-09-20 15:20:37 +0000"
    },
    "done": true
  },
  "knightquest:recipes/misc/zombie_boots": {
    "criteria": {
      "has_rotten_flesh": "2024-09-20 15:20:37 +0000"
    },
    "done": true
  },
  "knightquest:recipes/misc/zombie_chestplate": {
    "criteria": {
      "has_rotten_flesh": "2024-09-20 15:20:37 +0000"
    },
    "done": true
  },
  "farmersdelight:recipes/farmersdelight/organic_compost_from_rotten_flesh": {
    "criteria": {
      "has_rotten_flesh": "2024-09-20 15:20:37 +0000"
    },
    "done": true
  },
  "mcdw:recipes/crossbows/crossbow_slayer": {
    "criteria": {
      "has_string": "2024-09-20 15:25:10 +0000"
    },
    "done": true
  },
  "mcdw:recipes/bows/bow_masters_bow": {
    "criteria": {
      "has_string": "2024-09-20 15:25:10 +0000"
    },
    "done": true
  },
  "minecraft:recipes/decorations/chest": {
    "criteria": {
      "has_lots_of_items": "2024-09-20 15:25:10 +0000"
    },
    "done": true
  },
  "mcdw:recipes/crossbows/crossbow_corrupted_crossbow": {
    "criteria": {
      "has_string": "2024-09-20 15:25:10 +0000"
    },
    "done": true
  },
  "minecraft:recipes/redstone/tripwire_hook": {
    "criteria": {
      "has_string": "2024-09-20 15:25:10 +0000"
    },
    "done": true
  },
  "minecraft:recipes/decorations/candle": {
    "criteria": {
      "has_string": "2024-09-20 15:25:10 +0000"
    },
    "done": true
  },
  "clutter:recipes/misc/butterfly_wings": {
    "criteria": {
      "has_string": "2024-09-20 15:25:10 +0000"
    },
    "done": true
  },
  "mcdw:recipes/bows/bow_bubble_bow": {
    "criteria": {
      "has_string": "2024-09-20 15:25:10 +0000"
    },
    "done": true
  },
  "mcdw:recipes/shortbows/bow_shortbow": {
    "criteria": {
      "has_string": "2024-09-20 15:25:10 +0000"
    },
    "done": true
  },
  "mcdw:recipes/shortbows/bow_mechanical_shortbow": {
    "criteria": {
      "has_string": "2024-09-20 15:25:10 +0000"
    },
    "done": true
  },
  "mcdw:recipes/bows/bow_echo_of_the_valley": {
    "criteria": {
      "has_string": "2024-09-20 15:25:10 +0000"
    },
    "done": true
  },
  "mcdw:recipes/bows/bow_web_bow": {
    "criteria": {
      "has_string": "2024-09-20 15:25:10 +0000"
    },
    "done": true
  },
  "mcdw:recipes/bows/bow_lost_souls": {
    "criteria": {
      "has_string": "2024-09-20 15:25:10 +0000"
    },
    "done": true
  },
  "mcdw:recipes/bows/bow_power_bow": {
    "criteria": {
      "has_string": "2024-09-20 15:25:10 +0000"
    },
    "done": true
  },
  "mcdw:recipes/bows/bow_nocturnal_bow": {
    "criteria": {
      "has_string": "2024-09-20 15:25:10 +0000"
    },
    "done": true
  },
  "mcdw:recipes/bows/bow_burst_gale_bow": {
    "criteria": {
      "has_string": "2024-09-20 15:25:10 +0000"
    },
    "done": true
  },
  "mcdw:recipes/shortbows/bow_purple_storm": {
    "criteria": {
      "has_string": "2024-09-20 15:25:10 +0000"
    },
    "done": true
  },
  "mcdw:recipes/bows/bow_void_bow": {
    "criteria": {
      "has_string": "2024-09-20 15:25:10 +0000"
    },
    "done": true
  },
  "mcdw:recipes/crossbows/crossbow_butterfly": {
    "criteria": {
      "has_string": "2024-09-20 15:25:10 +0000"
    },
    "done": true
  },
  "mcdw:recipes/crossbows/crossbow_slicer": {
    "criteria": {
      "has_string": "2024-09-20 15:25:10 +0000"
    },
    "done": true
  },
  "mcdw:recipes/longbows/bow_longbow": {
    "criteria": {
      "has_string": "2024-09-20 15:25:10 +0000"
    },
    "done": true
  },
  "minecraft:recipes/combat/bow": {
    "criteria": {
      "has_string": "2024-09-20 15:25:10 +0000"
    },
    "done": true
  },
  "mcdw:recipes/bows/bow_trickbow": {
    "criteria": {
      "has_string": "2024-09-20 15:25:10 +0000"
    },
    "done": true
  },
  "mcdw:recipes/hammers/hammer_boneclub": {
    "criteria": {
      "has_string": "2024-09-20 15:25:10 +0000"
    },
    "done": true
  },
  "mcdw:recipes/bows/bow_bonebow": {
    "criteria": {
      "has_string": "2024-09-20 15:25:10 +0000"
    },
    "done": true
  },
  "mcdw:recipes/crossbows/crossbow_azure_seeker": {
    "criteria": {
      "has_string": "2024-09-20 15:25:10 +0000"
    },
    "done": true
  },
  "mcdw:recipes/bows/bow_winters_touch": {
    "criteria": {
      "has_string": "2024-09-20 15:25:10 +0000"
    },
    "done": true
  },
  "mcdw:recipes/whips/whip_whip": {
    "criteria": {
      "has_string": "2024-09-20 15:25:10 +0000"
    },
    "done": true
  },
  "mcdw:recipes/crossbows/crossbow_soul": {
    "criteria": {
      "has_string": "2024-09-20 15:25:10 +0000"
    },
    "done": true
  },
  "mcdw:recipes/crossbows/crossbow_dual": {
    "criteria": {
      "has_string": "2024-09-20 15:25:10 +0000"
    },
    "done": true
  },
  "bewitchment:recipes/decorations/cypress_chest": {
    "criteria": {
      "has_lots_of_items": "2024-09-20 15:25:10 +0000"
    },
    "done": true
  },
  "mcdw:recipes/crossbows/crossbow_imploding": {
    "criteria": {
      "has_string": "2024-09-20 15:25:10 +0000"
    },
    "done": true
  },
  "mcdw:recipes/crossbows/crossbow_rapid": {
    "criteria": {
      "has_string": "2024-09-20 15:25:10 +0000"
    },
    "done": true
  },
  "mcdw:recipes/bows/bow_green_menace": {
    "criteria": {
      "has_string": "2024-09-20 15:25:10 +0000"
    },
    "done": true
  },
  "mcdw:recipes/bows/bow_twin_bow": {
    "criteria": {
      "has_string": "2024-09-20 15:25:10 +0000"
    },
    "done": true
  },
  "mcdw:recipes/bows/bow_wind_bow": {
    "criteria": {
      "has_string": "2024-09-20 15:25:10 +0000"
    },
    "done": true
  },
  "mcdw:recipes/crossbows/crossbow_scatter": {
    "criteria": {
      "has_string": "2024-09-20 15:25:10 +0000"
    },
    "done": true
  },
  "mcdw:recipes/bows/bow_bubble_burster": {
    "criteria": {
      "has_string": "2024-09-20 15:25:10 +0000"
    },
    "done": true
  },
  "mcdw:recipes/crossbows/crossbow_burst": {
    "criteria": {
      "has_string": "2024-09-20 15:25:10 +0000"
    },
    "done": true
  },
  "mcdw:recipes/crossbows/crossbow_exploding": {
    "criteria": {
      "has_string": "2024-09-20 15:25:10 +0000"
    },
    "done": true
  },
  "mcdw:recipes/crossbows/crossbow_feral_soul": {
    "criteria": {
      "has_string": "2024-09-20 15:25:10 +0000"
    },
    "done": true
  },
  "mcdw:recipes/bows/bow_haunted_bow": {
    "criteria": {
      "has_string": "2024-09-20 15:25:10 +0000"
    },
    "done": true
  },
  "mcdw:recipes/crossbows/crossbow_harp": {
    "criteria": {
      "has_string": "2024-09-20 15:25:10 +0000"
    },
    "done": true
  },
  "mcdw:recipes/bows/bow_call_of_the_void": {
    "criteria": {
      "has_string": "2024-09-20 15:25:10 +0000"
    },
    "done": true
  },
  "minecraft:recipes/combat/crossbow": {
    "criteria": {
      "has_string": "2024-09-20 15:25:10 +0000"
    },
    "done": true
  },
  "mcdw:recipes/crossbows/crossbow_heavy": {
    "criteria": {
      "has_string": "2024-09-20 15:25:10 +0000"
    },
    "done": true
  },
  "mcdw:recipes/crossbows/crossbow_doom_crossbow": {
    "criteria": {
      "has_string": "2024-09-20 15:25:10 +0000"
    },
    "done": true
  },
  "mcdw:recipes/bows/bow_phantom_bow": {
    "criteria": {
      "has_string": "2024-09-20 15:25:10 +0000"
    },
    "done": true
  },
  "bewitchment:recipes/decorations/dragons_blood_chest": {
    "criteria": {
      "has_lots_of_items": "2024-09-20 15:25:10 +0000"
    },
    "done": true
  },
  "mcdw:recipes/crossbows/crossbow_auto": {
    "criteria": {
      "has_string": "2024-09-20 15:25:10 +0000"
    },
    "done": true
  },
  "bewitchment:recipes/decorations/juniper_chest": {
    "criteria": {
      "has_lots_of_items": "2024-09-20 15:25:10 +0000"
    },
    "done": true
  },
  "mcdw:recipes/whips/whip_vine_whip": {
    "criteria": {
      "has_string": "2024-09-20 15:25:10 +0000"
    },
    "done": true
  },
  "hybrid-aquatic:recipes/tools/fishing_net": {
    "criteria": {
      "string": "2024-09-20 15:25:10 +0000"
    },
    "done": true
  },
  "minecraft:recipes/tools/fishing_rod": {
    "criteria": {
      "has_string": "2024-09-20 15:25:10 +0000"
    },
    "done": true
  },
  "mcdw:recipes/bows/bow_soul_bow": {
    "criteria": {
      "has_string": "2024-09-20 15:25:10 +0000"
    },
    "done": true
  },
  "mcdw:recipes/shortbows/bow_love_spell_bow": {
    "criteria": {
      "has_string": "2024-09-20 15:25:10 +0000"
    },
    "done": true
  },
  "mcdw:recipes/bows/bow_elite_power_bow": {
    "criteria": {
      "has_string": "2024-09-20 15:25:10 +0000"
    },
    "done": true
  },
  "mcdw:recipes/longbows/bow_guardian_bow": {
    "criteria": {
      "has_string": "2024-09-20 15:25:10 +0000"
    },
    "done": true
  },
  "mcdw:recipes/crossbows/crossbow_voidcaller_crossbow": {
    "criteria": {
      "has_string": "2024-09-20 15:25:10 +0000"
    },
    "done": true
  },
  "mcdw:recipes/crossbows/crossbow_shadow_crossbow": {
    "criteria": {
      "has_string": "2024-09-20 15:25:10 +0000"
    },
    "done": true
  },
  "mcdw:recipes/bows/bow_hunting_bow": {
    "criteria": {
      "has_string": "2024-09-20 15:25:10 +0000"
    },
    "done": true
  },
  "bewitchment:recipes/decorations/elder_chest": {
    "criteria": {
      "has_lots_of_items": "2024-09-20 15:25:10 +0000"
    },
    "done": true
  },
  "mcdw:recipes/longbows/bow_red_snake": {
    "criteria": {
      "has_string": "2024-09-20 15:25:10 +0000"
    },
    "done": true
  },
  "mcdw:recipes/bows/bow_snow_bow": {
    "criteria": {
      "has_string": "2024-09-20 15:25:10 +0000"
    },
    "done": true
  },
  "minecraft:recipes/building_blocks/white_wool_from_string": {
    "criteria": {
      "has_string": "2024-09-20 15:25:10 +0000"
    },
    "done": true
  },
  "minecraft:recipes/decorations/loom": {
    "criteria": {
      "has_string": "2024-09-20 15:25:10 +0000"
    },
    "done": true
  },
  "knightquest:recipes/misc/forze_helmet": {
    "criteria": {
      "has_spider_eye": "2024-09-20 15:25:11 +0000"
    },
    "done": true
  },
  "minecraft:recipes/brewing/fermented_spider_eye": {
    "criteria": {
      "has_spider_eye": "2024-09-20 15:25:11 +0000"
    },
    "done": true
  },
  "knightquest:recipes/misc/spider_leggings": {
    "criteria": {
      "has_spider_eye": "2024-09-20 15:25:11 +0000"
    },
    "done": true
  },
  "knightquest:recipes/misc/forze_boots": {
    "criteria": {
      "has_spider_eye": "2024-09-20 15:25:11 +0000"
    },
    "done": true
  },
  "knightquest:recipes/misc/spider_helmet": {
    "criteria": {
      "has_spider_eye": "2024-09-20 15:25:11 +0000"
    },
    "done": true
  },
  "mcda:recipes/upgrade_cores/upgrade_core_spider": {
    "criteria": {
      "has_core_specification_item": "2024-09-20 15:25:11 +0000"
    },
    "done": true
  },
  "knightquest:recipes/misc/spider_boots": {
    "criteria": {
      "has_spider_eye": "2024-09-20 15:25:11 +0000"
    },
    "done": true
  },
  "knightquest:recipes/misc/forze_chestplate": {
    "criteria": {
      "has_spider_eye": "2024-09-20 15:25:11 +0000"
    },
    "done": true
  },
  "knightquest:recipes/misc/spider_chestplate": {
    "criteria": {
      "has_spider_eye": "2024-09-20 15:25:11 +0000"
    },
    "done": true
  },
  "knightquest:recipes/misc/forze_leggings": {
    "criteria": {
      "has_spider_eye": "2024-09-20 15:25:11 +0000"
    },
    "done": true
  },
  "hybrid-aquatic:recipes/food/cooked_crayfish_from_campfire_cooking": {
    "criteria": {
      "has_raw_crayfish": "2024-09-20 15:25:14 +0000"
    },
    "done": true
  },
  "hybrid-aquatic:recipes/food/cooked_crayfish_from_smelting": {
    "criteria": {
      "has_raw_crayfish": "2024-09-20 15:25:14 +0000"
    },
    "done": true
  },
  "hybrid-aquatic:recipes/food/cooked_crayfish_from_smoking": {
    "criteria": {
      "has_raw_crayfish": "2024-09-20 15:25:14 +0000"
    },
    "done": true
  },
  "knightquest:recipes/misc/horn_boots": {
    "criteria": {
      "has_sand": "2024-09-20 15:31:32 +0000"
    },
    "done": true
  },
  "minecraft:recipes/building_blocks/lime_concrete_powder": {
    "criteria": {
      "has_sand": "2024-09-20 15:31:32 +0000"
    },
    "done": true
  },
  "minecraft:recipes/building_blocks/magenta_concrete_powder": {
    "criteria": {
      "has_sand": "2024-09-20 15:31:32 +0000"
    },
    "done": true
  },
  "knightquest:recipes/misc/horn_chestplate": {
    "criteria": {
      "has_sand": "2024-09-20 15:31:32 +0000"
    },
    "done": true
  },
  "minecraft:recipes/building_blocks/black_concrete_powder": {
    "criteria": {
      "has_sand": "2024-09-20 15:31:32 +0000"
    },
    "done": true
  },
  "minecraft:recipes/building_blocks/cyan_concrete_powder": {
    "criteria": {
      "has_sand": "2024-09-20 15:31:32 +0000"
    },
    "done": true
  },
  "minecraft:recipes/building_blocks/pink_concrete_powder": {
    "criteria": {
      "has_sand": "2024-09-20 15:31:32 +0000"
    },
    "done": true
  },
  "minecraft:recipes/building_blocks/white_concrete_powder": {
    "criteria": {
      "has_sand": "2024-09-20 15:31:32 +0000"
    },
    "done": true
  },
  "minecraft:recipes/building_blocks/yellow_concrete_powder": {
    "criteria": {
      "has_sand": "2024-09-20 15:31:32 +0000"
    },
    "done": true
  },
  "minecraft:recipes/building_blocks/sandstone": {
    "criteria": {
      "has_sand": "2024-09-20 15:31:32 +0000"
    },
    "done": true
  },
  "minecraft:recipes/building_blocks/red_concrete_powder": {
    "criteria": {
      "has_sand": "2024-09-20 15:31:32 +0000"
    },
    "done": true
  },
  "minecraft:recipes/building_blocks/green_concrete_powder": {
    "criteria": {
      "has_sand": "2024-09-20 15:31:32 +0000"
    },
    "done": true
  },
  "minecraft:recipes/building_blocks/blue_concrete_powder": {
    "criteria": {
      "has_sand": "2024-09-20 15:31:32 +0000"
    },
    "done": true
  },
  "knightquest:recipes/misc/horn_helmet": {
    "criteria": {
      "has_sand": "2024-09-20 15:31:32 +0000"
    },
    "done": true
  },
  "minecraft:recipes/building_blocks/orange_concrete_powder": {
    "criteria": {
      "has_sand": "2024-09-20 15:31:32 +0000"
    },
    "done": true
  },
  "twigs:recipes/silt/silt_from_sand": {
    "criteria": {
      "has_item": "2024-09-20 15:31:32 +0000"
    },
    "done": true
  },
  "minecraft:recipes/building_blocks/purple_concrete_powder": {
    "criteria": {
      "has_sand": "2024-09-20 15:31:32 +0000"
    },
    "done": true
  },
  "minecraft:recipes/building_blocks/light_gray_concrete_powder": {
    "criteria": {
      "has_sand": "2024-09-20 15:31:32 +0000"
    },
    "done": true
  },
  "minecraft:recipes/building_blocks/brown_concrete_powder": {
    "criteria": {
      "has_sand": "2024-09-20 15:31:32 +0000"
    },
    "done": true
  },
  "minecraft:recipes/building_blocks/light_blue_concrete_powder": {
    "criteria": {
      "has_sand": "2024-09-20 15:31:32 +0000"
    },
    "done": true
  },
  "minecraft:recipes/building_blocks/glass": {
    "criteria": {
      "has_smelts_to_glass": "2024-09-20 15:31:32 +0000"
    },
    "done": true
  },
  "minecraft:recipes/building_blocks/gray_concrete_powder": {
    "criteria": {
      "has_sand": "2024-09-20 15:31:32 +0000"
    },
    "done": true
  },
  "knightquest:recipes/misc/horn_leggings": {
    "criteria": {
      "has_sand": "2024-09-20 15:31:32 +0000"
    },
    "done": true
  },
  "farmersdelight:recipes/food/cooking/rabbit_stew": {
    "criteria": {
      "has_any_ingredient": "2024-09-20 15:31:44 +0000"
    },
    "done": true
  },
  "minecraft:recipes/food/cooked_rabbit_from_campfire_cooking": {
    "criteria": {
      "has_rabbit": "2024-09-20 15:31:44 +0000"
    },
    "done": true
  },
  "minecraft:recipes/food/cooked_rabbit": {
    "criteria": {
      "has_rabbit": "2024-09-20 15:31:44 +0000"
    },
    "done": true
  },
  "minecraft:recipes/food/cooked_rabbit_from_smoking": {
    "criteria": {
      "has_rabbit": "2024-09-20 15:31:44 +0000"
    },
    "done": true
  },
  "paraglider:root": {
    "criteria": {
      "crafting_table": "2024-09-21 07:12:09 +0000"
    },
    "done": true
  },
  "betterend:recipes/misc/blossom_berry_jelly_potion": {
    "criteria": {
      "has_potion": "2024-09-21 07:13:07 +0000"
    },
    "done": true
  },
  "betternether:all_the_biomes": {
    "criteria": {
      "betternether:old_fungiwoods": "2024-09-21 07:13:06 +0000"
    },
    "done": false
  },
  "regions_unexplored:recipes/building_blocks/brown_painted_planks": {
    "criteria": {
      "has_planks": "2024-09-21 07:10:56 +0000"
    },
    "done": true
  },
  "minecraft:recipes/misc/stick": {
    "criteria": {
      "has_planks": "2024-09-21 07:10:56 +0000"
    },
    "done": true
  },
  "regions_unexplored:recipes/redstone/eucalyptus_button": {
    "criteria": {
      "has_eucalyptus_planks": "2024-09-21 07:10:56 +0000"
    },
    "done": true
  },
  "farmersdelight:recipes/farmersdelight/cooking/apple_cider": {
    "criteria": {
      "has_apple": "2024-09-21 07:11:06 +0000"
    },
    "done": true
  },
  "regions_unexplored:recipes/decorations/eucalyptus_branch_from_eucalyptus_log": {
    "criteria": {
      "has_log": "2024-09-21 07:08:52 +0000"
    },
    "done": true
  },
  "knightquest:recipes/misc/chainmail_helmet": {
    "criteria": {
      "has_apple": "2024-09-21 07:11:06 +0000"
    },
    "done": true
  },
  "regions_unexplored:recipes/building_blocks/cyan_painted_planks": {
    "criteria": {
      "has_planks": "2024-09-21 07:10:56 +0000"
    },
    "done": true
  },
  "handcrafted:recipes/misc/bear_trophy": {
    "criteria": {
      "has_bear_trophy": "2024-09-21 07:10:56 +0000"
    },
    "done": true
  },
  "handcrafted:recipes/misc/goat_trophy": {
    "criteria": {
      "has_goat_trophy": "2024-09-21 07:10:56 +0000"
    },
    "done": true
  },
  "naturescompass:natures_compass_sapling": {
    "criteria": {
      "has_recipe": "2024-09-21 07:08:52 +0000"
    },
    "done": true
  },
  "regions_unexplored:recipes/building_blocks/orange_painted_planks": {
    "criteria": {
      "has_planks": "2024-09-21 07:10:56 +0000"
    },
    "done": true
  },
  "regions_unexplored:got_wood": {
    "criteria": {
      "eucalyptus_log": "2024-09-21 07:08:52 +0000"
    },
    "done": false
  },
  "handcrafted:recipes/misc/blaze_trophy": {
    "criteria": {
      "has_blaze_trophy": "2024-09-21 07:10:56 +0000"
    },
    "done": true
  },
  "handcrafted:recipes/misc/wolf_trophy": {
    "criteria": {
      "has_wolf_trophy": "2024-09-21 07:10:56 +0000"
    },
    "done": true
  },
  "regions_unexplored:recipes/building_blocks/red_painted_planks": {
    "criteria": {
      "has_planks": "2024-09-21 07:10:56 +0000"
    },
    "done": true
  },
  "knightquest:recipes/misc/tunic_green_leggings": {
    "criteria": {
      "has_apple": "2024-09-21 07:11:06 +0000"
    },
    "done": true
  },
  "regions_unexplored:recipes/building_blocks/eucalyptus_planks": {
    "criteria": {
      "has_logs": "2024-09-21 07:08:52 +0000"
    },
    "done": true
  },
  "knightquest:recipes/misc/chainmail_helmet2": {
    "criteria": {
      "has_apple": "2024-09-21 07:11:06 +0000"
    },
    "done": true
  },
  "mcdw:recipes/shields/shield_vanguard": {
    "criteria": {
      "has_planks": "2024-09-21 07:10:56 +0000"
    },
    "done": true
  },
  "regions_unexplored:recipes/building_blocks/green_painted_planks": {
    "criteria": {
      "has_planks": "2024-09-21 07:10:56 +0000"
    },
    "done": true
  },
  "regions_unexplored:recipes/decorations/eucalyptus_shrub": {
    "criteria": {
      "has_eucalyptus_sapling": "2024-09-21 07:09:55 +0000"
    },
    "done": true
  },
  "immersive_armors:recipes/misc/wooden": {
    "criteria": {
      "has_item": "2024-09-21 07:08:52 +0000"
    },
    "done": true
  },
  "mcda:recipes/upgrade_cores/upgrade_core_verdant": {
    "criteria": {
      "has_core_specification_item": "2024-09-21 07:09:55 +0000"
    },
    "done": true
  },
  "regions_unexplored:recipes/redstone/eucalyptus_trapdoor": {
    "criteria": {
      "has_eucalyptus_planks": "2024-09-21 07:10:56 +0000"
    },
    "done": true
  },
  "regions_unexplored:recipes/building_blocks/light_gray_painted_planks": {
    "criteria": {
      "has_planks": "2024-09-21 07:10:56 +0000"
    },
    "done": true
  },
  "regions_unexplored:recipes/building_blocks/eucalyptus_wood": {
    "criteria": {
      "has_log": "2024-09-21 07:08:52 +0000"
    },
    "done": true
  },
  "regions_unexplored:recipes/building_blocks/yellow_painted_planks": {
    "criteria": {
      "has_planks": "2024-09-21 07:10:56 +0000"
    },
    "done": true
  },
  "regions_unexplored:recipes/building_blocks/purple_painted_planks": {
    "criteria": {
      "has_planks": "2024-09-21 07:10:56 +0000"
    },
    "done": true
  },
  "dungeonnowloading:story/root": {
    "criteria": {
      "obtain_crafting_table": "2024-09-21 07:12:09 +0000"
    },
    "done": true
  },
  "handcrafted:recipes/misc/spider_trophy": {
    "criteria": {
      "has_spider_trophy": "2024-09-21 07:10:56 +0000"
    },
    "done": true
  },
  "regions_unexplored:regions_explored": {
    "criteria": {
      "eucalyptus_forest": "2024-09-21 07:06:21 +0000"
    },
    "done": false
  },
  "betterend:recipes/misc/sweet_berry_jelly_potion": {
    "criteria": {
      "has_potion": "2024-09-21 07:13:07 +0000"
    },
    "done": true
  },
  "regions_unexplored:pioneer": {
    "criteria": {
      "eucalyptus_forest": "2024-09-21 07:06:21 +0000"
    },
    "done": false
  },
  "mcdw:recipes/crossbows/crossbow_harpoon_crossbow": {
    "criteria": {
      "has_planks": "2024-09-21 07:10:56 +0000"
    },
    "done": true
  },
  "regions_unexplored:recipes/redstone/eucalyptus_door": {
    "criteria": {
      "has_eucalyptus_planks": "2024-09-21 07:10:56 +0000"
    },
    "done": true
  },
  "vinery:main/get_apple": {
    "criteria": {
      "apple": "2024-09-21 07:11:06 +0000"
    },
    "done": true
  },
  "regions_unexplored:recipes/building_blocks/eucalyptus_stairs": {
    "criteria": {
      "has_eucalyptus_planks": "2024-09-21 07:10:56 +0000"
    },
    "done": true
  },
  "handcrafted:recipes/misc/skeleton_horse_trophy": {
    "criteria": {
      "has_skeleton_horse_trophy": "2024-09-21 07:10:56 +0000"
    },
    "done": true
  },
  "handcrafted:recipes/misc/wither_skeleton_trophy": {
    "criteria": {
      "has_wither_skeleton_trophy": "2024-09-21 07:10:56 +0000"
    },
    "done": true
  },
  "regions_unexplored:recipes/building_blocks/lime_painted_planks": {
    "criteria": {
      "has_planks": "2024-09-21 07:10:56 +0000"
    },
    "done": true
  },
  "regions_unexplored:recipes/redstone/eucalyptus_pressure_plate": {
    "criteria": {
      "has_eucalyptus_planks": "2024-09-21 07:10:56 +0000"
    },
    "done": true
  },
  "betternether:recipes/redstone/piston": {
    "criteria": {
      "has_tag_minecraft_planks": "2024-09-21 07:10:56 +0000"
    },
    "done": true
  },
  "regions_unexplored:recipes/decorations/eucalyptus_sign": {
    "criteria": {
      "has_eucalyptus_planks": "2024-09-21 07:10:56 +0000"
    },
    "done": true
  },
  "regions_unexplored:recipes/building_blocks/black_painted_planks": {
    "criteria": {
      "has_planks": "2024-09-21 07:10:56 +0000"
    },
    "done": true
  },
  "handcrafted:recipes/misc/salmon_trophy": {
    "criteria": {
      "has_salmon_trophy": "2024-09-21 07:10:56 +0000"
    },
    "done": true
  },
  "handcrafted:recipes/misc/silverfish_trophy": {
    "criteria": {
      "has_silverfish_trophy": "2024-09-21 07:10:56 +0000"
    },
    "done": true
  },
  "soulsweapons:root": {
    "criteria": {
      "crafting_table": "2024-09-21 07:12:09 +0000"
    },
    "done": true
  },
  "knightquest:recipes/misc/tunic_sea_leggings": {
    "criteria": {
      "has_apple": "2024-09-21 07:11:06 +0000"
    },
    "done": true
  },
  "minecraft:recipes/misc/charcoal": {
    "criteria": {
      "has_log": "2024-09-21 07:08:52 +0000"
    },
    "done": true
  },
  "naturescompass:natures_compass_log": {
    "criteria": {
      "has_log": "2024-09-21 07:08:52 +0000"
    },
    "done": true
  },
  "regions_unexplored:recipes/building_blocks/blue_painted_planks": {
    "criteria": {
      "has_planks": "2024-09-21 07:10:56 +0000"
    },
    "done": true
  },
  "minecraft:recipes/decorations/barrel": {
    "criteria": {
      "has_planks": "2024-09-21 07:10:56 +0000"
    },
    "done": true
  },
  "knightquest:recipes/misc/tunic_blue_leggings": {
    "criteria": {
      "has_apple": "2024-09-21 07:11:06 +0000"
    },
    "done": true
  },
  "aquamirae:adventure/root": {
    "criteria": {
      "crafting_table": "2024-09-21 07:12:09 +0000"
    },
    "done": true
  },
  "bclib:recipes/redstone/tag_piston": {
    "criteria": {
      "has_tag_minecraft_planks": "2024-09-21 07:10:56 +0000"
    },
    "done": true
  },
  "regions_unexplored:recipes/building_blocks/gray_painted_planks": {
    "criteria": {
      "has_planks": "2024-09-21 07:10:56 +0000"
    },
    "done": true
  },
  "knightquest:recipes/misc/tunic_red_leggings": {
    "criteria": {
      "has_apple": "2024-09-21 07:11:06 +0000"
    },
    "done": true
  },
  "plentyofarmors:armors/root": {
    "criteria": {
      "requirement": "2024-09-21 07:12:09 +0000"
    },
    "done": true
  },
  "bclib:recipes/decorations/tag_smith_table": {
    "criteria": {
      "has_tag_minecraft_planks": "2024-09-21 07:10:56 +0000"
    },
    "done": true
  },
  "regions_unexplored:recipes/decorations/eucalyptus_fence": {
    "criteria": {
      "has_eucalyptus_planks": "2024-09-21 07:10:56 +0000"
    },
    "done": true
  },
  "regions_unexplored:recipes/building_blocks/white_painted_planks": {
    "criteria": {
      "has_planks": "2024-09-21 07:10:56 +0000"
    },
    "done": true
  },
  "regions_unexplored:recipes/redstone/eucalyptus_fence_gate": {
    "criteria": {
      "has_eucalyptus_planks": "2024-09-21 07:10:56 +0000"
    },
    "done": true
  },
  "knightquest:recipes/misc/tunic_yellow_leggings": {
    "criteria": {
      "has_apple": "2024-09-21 07:11:06 +0000"
    },
    "done": true
  },
  "regions_unexplored:recipes/building_blocks/light_blue_painted_planks": {
    "criteria": {
      "has_planks": "2024-09-21 07:10:56 +0000"
    },
    "done": true
  },
  "handcrafted:recipes/misc/fox_trophy": {
    "criteria": {
      "has_fox_trophy": "2024-09-21 07:10:56 +0000"
    },
    "done": true
  },
  "betterend:recipes/misc/shadow_berry_jelly_potion": {
    "criteria": {
      "has_potion": "2024-09-21 07:13:07 +0000"
    },
    "done": true
  },
  "bclib:recipes/combat/tag_shield": {
    "criteria": {
      "has_tag_minecraft_planks": "2024-09-21 07:10:56 +0000"
    },
    "done": true
  },
  "regions_unexplored:recipes/building_blocks/eucalyptus_slab": {
    "criteria": {
      "has_eucalyptus_planks": "2024-09-21 07:10:56 +0000"
    },
    "done": true
  },
  "handcrafted:recipes/misc/tropical_fish_trophy": {
    "criteria": {
      "has_tropical_fish_trophy": "2024-09-21 07:10:56 +0000"
    },
    "done": true
  },
  "betternether:recipes/combat/shield": {
    "criteria": {
      "has_tag_minecraft_planks": "2024-09-21 07:10:56 +0000"
    },
    "done": true
  },
  "regions_unexplored:recipes/building_blocks/pink_painted_planks": {
    "criteria": {
      "has_planks": "2024-09-21 07:10:56 +0000"
    },
    "done": true
  },
  "handcrafted:recipes/misc/pufferfish_trophy": {
    "criteria": {
      "has_pufferfish_trophy": "2024-09-21 07:10:56 +0000"
    },
    "done": true
  },
  "regions_unexplored:recipes/building_blocks/magenta_painted_planks": {
    "criteria": {
      "has_planks": "2024-09-21 07:10:56 +0000"
    },
    "done": true
  },
  "minecraft:story/root": {
    "criteria": {
      "crafting_table": "2024-09-21 07:12:09 +0000"
    },
    "done": true
  },
  "DataVersion": 3465
}