{
  "spellbladenext:spellblades/root": {
    "criteria": {
      "always": "2024-09-20 15:21:15 +0000"
    },
    "done": true
  },
  "guardiansgalore:blaze_bell": {
    "criteria": {
      "has_gold_ingot": "2024-09-20 15:21:15 +0000"
    },
    "done": true
  },
  "simplyswords:grant_book_on_first_join": {
    "criteria": {
      "tick": "2024-09-20 15:21:15 +0000"
    },
    "done": true
  },
  "minecraft:recipes/decorations/crafting_table": {
    "criteria": {
      "unlock_right_away": "2024-09-20 15:21:15 +0000"
    },
    "done": true
  },
  "toms_storage:unlock_netherite": {
    "criteria": {
      "inv_changed-netherite": "2024-09-20 15:21:15 +0000"
    },
    "done": true
  },
  "toms_storage:unlock_chest": {
    "criteria": {
      "inv_changed-chest": "2024-09-20 15:21:15 +0000"
    },
    "done": true
  },
  "frostiful:recipes/combat/armor/armored_ice_skates": {
    "criteria": {
      "has_fur_boots": "2024-09-20 15:21:15 +0000"
    },
    "done": true
  },
  "betterdungeons:root": {
    "criteria": {
      "always": "2024-09-20 15:21:15 +0000"
    },
    "done": true
  },
  "frostiful:recipes/misc/snowflake_banner_pattern": {
    "criteria": {
      "has_packed_snowball": "2024-09-20 15:21:15 +0000"
    },
    "done": true
  },
  "minecraft:clutter/root": {
    "criteria": {
      "requirement": "2024-09-20 15:21:15 +0000"
    },
    "done": true
  },
  "mobs_of_mythology:mobs_of_mythology": {
    "criteria": {
      "tick": "2024-09-20 15:21:15 +0000"
    },
    "done": true
  },
  "meadow:main/root": {
    "criteria": {
      "seeds": "2024-09-20 15:21:15 +0000"
    },
    "done": true
  },
  "frostiful:recipes/combat/armor/fur_padded_chainmail_leggings": {
    "criteria": {
      "has_fur_armor": "2024-09-20 15:21:15 +0000"
    },
    "done": true
  },
  "betterdeserttemples:root": {
    "criteria": {
      "always": "2024-09-20 15:21:15 +0000"
    },
    "done": true
  },
  "soaringstructures2:soaringstart": {
    "criteria": {
      "adv_test": "2024-09-20 15:21:15 +0000"
    },
    "done": true
  },
  "vinery:main/root": {
    "criteria": {
      "seeds": "2024-09-20 15:21:15 +0000"
    },
    "done": true
  },
  "totw_reworked:root": {
    "criteria": {
      "sample_trigger": "2024-09-20 15:21:15 +0000"
    },
    "done": true
  },
  "artifality:root": {
    "criteria": {
      "start": "2024-09-20 15:21:15 +0000"
    },
    "done": true
  },
  "frostiful:recipes/combat/armor/ice_skates": {
    "criteria": {
      "has_fur_boots": "2024-09-20 15:21:15 +0000"
    },
    "done": true
  },
  "guardiansgalore:guardian_block_granite": {
    "criteria": {
      "has_stone": "2024-09-20 15:21:15 +0000"
    },
    "done": true
  },
  "guardiansgalore:guardian_bowls": {
    "criteria": {
      "has_bowl": "2024-09-20 15:21:15 +0000"
    },
    "done": true
  },
  "toms_storage:unlock_dia_pearl": {
    "criteria": {
      "inv_changed-ender_pearl": "2024-09-20 15:21:15 +0000",
      "inv_changed-diamond": "2024-09-20 15:21:15 +0000"
    },
    "done": true
  },
  "guardiansgalore:guardian_block": {
    "criteria": {
      "has_stone": "2024-09-20 15:21:15 +0000"
    },
    "done": true
  },
  "rpg_series:root": {
    "criteria": {
      "always": "2024-09-20 15:21:15 +0000"
    },
    "done": true
  },
  "toms_storage:unlock_glowstone": {
    "criteria": {
      "inv_changed-glowstone": "2024-09-20 15:21:15 +0000"
    },
    "done": true
  },
  "repurposed_structures:root": {
    "criteria": {
      "always": "2024-09-20 15:21:15 +0000"
    },
    "done": true
  },
  "archon:root": {
    "criteria": {
      "tick": "2024-09-20 15:21:15 +0000"
    },
    "done": true
  },
  "bakery:main/root": {
    "criteria": {
      "seeds": "2024-09-20 15:21:15 +0000"
    },
    "done": true
  },
  "more_rpg_content:root": {
    "criteria": {
      "always": "2024-09-20 15:21:15 +0000"
    },
    "done": true
  },
  "guardiansgalore:guardian_block_sandstone": {
    "criteria": {
      "has_stone": "2024-09-20 15:21:15 +0000"
    },
    "done": true
  },
  "guardiansgalore:guardian_block_diorite": {
    "criteria": {
      "has_stone": "2024-09-20 15:21:15 +0000"
    },
    "done": true
  },
  "frostiful:recipes/combat/armor/fur_padded_chainmail_helmet": {
    "criteria": {
      "has_fur_armor": "2024-09-20 15:21:15 +0000"
    },
    "done": true
  },
  "lootr:root": {
    "criteria": {
      "always_true": "2024-09-20 15:21:15 +0000"
    },
    "done": true
  },
  "farmersdelight:main/root": {
    "criteria": {
      "seeds": "2024-09-20 15:21:15 +0000"
    },
    "done": true
  },
  "frostiful:recipes/combat/armor/fur_padded_chainmail_chestplate": {
    "criteria": {
      "has_fur_armor": "2024-09-20 15:21:15 +0000"
    },
    "done": true
  },
  "frostiful:recipes/combat/armor/fur_padded_chainmail_boots": {
    "criteria": {
      "has_fur_armor": "2024-09-20 15:21:15 +0000"
    },
    "done": true
  },
  "besmirchment:demonic_deed": {
    "criteria": {
      "has_item": "2024-09-20 15:21:15 +0000"
    },
    "done": true
  },
  "davespotioneering:recipes/tools/blue_umbrella": {
    "criteria": {
      "has_shield": "2024-09-20 15:21:16 +0000"
    },
    "done": true
  },
  "meadow:recipes/cheese_bread": {
    "criteria": {
      "has_bread": "2024-09-20 15:21:16 +0000"
    },
    "done": true
  },
  "variantshields:recipes/decorations/shield": {
    "criteria": {
      "has_variant_item": "2024-09-20 15:21:16 +0000"
    },
    "done": true
  },
  "davespotioneering:recipes/tools/green_umbrella": {
    "criteria": {
      "has_shield": "2024-09-20 15:21:16 +0000"
    },
    "done": true
  },
  "davespotioneering:recipes/tools/yellow_umbrella": {
    "criteria": {
      "has_shield": "2024-09-20 15:21:16 +0000"
    },
    "done": true
  },
  "knightquest:recipes/misc/shield_chestplate": {
    "criteria": {
      "has_shield": "2024-09-20 15:21:16 +0000"
    },
    "done": true
  },
  "knightquest:recipes/misc/shield_leggings": {
    "criteria": {
      "has_shield": "2024-09-20 15:21:16 +0000"
    },
    "done": true
  },
  "minecraft:recipes/combat/shield": {
    "criteria": {
      "has_the_recipe": "2024-09-20 15:21:16 +0000"
    },
    "done": true
  },
  "davespotioneering:recipes/tools/gray_umbrella": {
    "criteria": {
      "has_shield": "2024-09-20 15:21:16 +0000"
    },
    "done": true
  },
  "knightquest:recipes/misc/shield_helmet": {
    "criteria": {
      "has_shield": "2024-09-20 15:21:16 +0000"
    },
    "done": true
  },
  "davespotioneering:recipes/brewing/compound_brewing_stand": {
    "criteria": {
      "has_shield": "2024-09-20 15:21:16 +0000"
    },
    "done": true
  },
  "davespotioneering:recipes/tools/red_umbrella": {
    "criteria": {
      "has_shield": "2024-09-20 15:21:16 +0000"
    },
    "done": true
  },
  "davespotioneering:recipes/tools/gilded_umbrella": {
    "criteria": {
      "has_shield": "2024-09-20 15:21:16 +0000"
    },
    "done": true
  },
  "davespotioneering:recipes/tools/white_umbrella": {
    "criteria": {
      "has_shield": "2024-09-20 15:21:16 +0000"
    },
    "done": true
  },
  "davespotioneering:recipes/tools/cyan_umbrella": {
    "criteria": {
      "has_shield": "2024-09-20 15:21:16 +0000"
    },
    "done": true
  },
  "davespotioneering:recipes/tools/light_blue_umbrella": {
    "criteria": {
      "has_shield": "2024-09-20 15:21:16 +0000"
    },
    "done": true
  },
  "davespotioneering:recipes/tools/orange_umbrella": {
    "criteria": {
      "has_shield": "2024-09-20 15:21:16 +0000"
    },
    "done": true
  },
  "davespotioneering:recipes/tools/magenta_umbrella": {
    "criteria": {
      "has_shield": "2024-09-20 15:21:16 +0000"
    },
    "done": true
  },
  "bakery:recipes/sandwich": {
    "criteria": {
      "has_bread": "2024-09-20 15:21:16 +0000"
    },
    "done": true
  },
  "davespotioneering:recipes/tools/lime_umbrella": {
    "criteria": {
      "has_shield": "2024-09-20 15:21:16 +0000"
    },
    "done": true
  },
  "davespotioneering:recipes/tools/light_gray_umbrella": {
    "criteria": {
      "has_shield": "2024-09-20 15:21:16 +0000"
    },
    "done": true
  },
  "davespotioneering:recipes/tools/black_umbrella": {
    "criteria": {
      "has_shield": "2024-09-20 15:21:16 +0000"
    },
    "done": true
  },
  "davespotioneering:recipes/tools/purple_umbrella": {
    "criteria": {
      "has_shield": "2024-09-20 15:21:16 +0000"
    },
    "done": true
  },
  "davespotioneering:recipes/tools/brown_umbrella": {
    "criteria": {
      "has_shield": "2024-09-20 15:21:16 +0000"
    },
    "done": true
  },
  "davespotioneering:recipes/tools/aged_umbrella": {
    "criteria": {
      "has_shield": "2024-09-20 15:21:16 +0000"
    },
    "done": true
  },
  "davespotioneering:recipes/tools/pink_umbrella": {
    "criteria": {
      "has_shield": "2024-09-20 15:21:16 +0000"
    },
    "done": true
  },
  "knightquest:recipes/misc/shield_boots": {
    "criteria": {
      "has_shield": "2024-09-20 15:21:16 +0000"
    },
    "done": true
  },
  "betternether:root": {
    "criteria": {
      "welcome": "2024-09-20 15:21:17 +0000"
    },
    "done": true
  },
  "betterend:root": {
    "criteria": {
      "welcome": "2024-09-20 15:21:17 +0000"
    },
    "done": true
  },
  "regions_unexplored:parent": {
    "criteria": {
      "load_in_world": "2024-09-20 15:21:17 +0000"
    },
    "done": true
  },
  "minecraft:adventure/adventuring_time": {
    "criteria": {
      "minecraft:river": "2024-09-21 06:31:20 +0000",
      "minecraft:desert": "2024-09-20 15:21:17 +0000"
    },
    "done": false
  },
  "mutantmonsters:root": {
    "criteria": {
      "killed_by_something": "2024-09-20 15:41:04 +0000"
    },
    "done": true
  },
  "minecraft:adventure/root": {
    "criteria": {
      "killed_by_something": "2024-09-20 15:41:04 +0000"
    },
    "done": true
  },
  "hybrid-aquatic:recipes/food/cooked_crayfish_from_campfire_cooking": {
    "criteria": {
      "has_raw_crayfish": "2024-09-21 06:31:12 +0000"
    },
    "done": true
  },
  "hybrid-aquatic:recipes/food/cooked_crayfish_from_smelting": {
    "criteria": {
      "has_raw_crayfish": "2024-09-21 06:31:12 +0000"
    },
    "done": true
  },
  "hybrid-aquatic:recipes/food/cooked_crayfish_from_smoking": {
    "criteria": {
      "has_raw_crayfish": "2024-09-21 06:31:12 +0000"
    },
    "done": true
  },
  "regions_unexplored:recipes/transportation/maple_boat": {
    "criteria": {
      "in_water": "2024-09-21 06:32:30 +0000"
    },
    "done": true
  },
  "smallships:recipes/transportation/bamboo_galley": {
    "criteria": {
      "in_water": "2024-09-21 06:32:30 +0000"
    },
    "done": true
  },
  "deeperdarker:recipes/transportation/echo_boat": {
    "criteria": {
      "in_water": "2024-09-21 06:32:30 +0000"
    },
    "done": true
  },
  "smallships:recipes/transportation/spruce_cog": {
    "criteria": {
      "in_water": "2024-09-21 06:32:30 +0000"
    },
    "done": true
  },
  "smallships:recipes/transportation/acacia_cog": {
    "criteria": {
      "in_water": "2024-09-21 06:32:30 +0000"
    },
    "done": true
  },
  "bewitchment:recipes/transportation/juniper_boat": {
    "criteria": {
      "in_water": "2024-09-21 06:32:30 +0000"
    },
    "done": true
  },
  "deeperdarker:recipes/transportation/bloom_boat": {
    "criteria": {
      "in_water": "2024-09-21 06:32:30 +0000"
    },
    "done": true
  },
  "regions_unexplored:recipes/transportation/magnolia_boat": {
    "criteria": {
      "in_water": "2024-09-21 06:32:30 +0000"
    },
    "done": true
  },
  "smallships:recipes/transportation/jungle_cog": {
    "criteria": {
      "in_water": "2024-09-21 06:32:30 +0000"
    },
    "done": true
  },
  "slayersbeasts:recipes/transportation/eucalyptus_boat": {
    "criteria": {
      "in_water": "2024-09-21 06:32:30 +0000"
    },
    "done": true
  },
  "minecraft:recipes/transportation/cherry_boat": {
    "criteria": {
      "in_water": "2024-09-21 06:32:30 +0000"
    },
    "done": true
  },
  "slayersbeasts:recipes/transportation/redwood_boat": {
    "criteria": {
      "in_water": "2024-09-21 06:32:30 +0000"
    },
    "done": true
  },
  "smallships:recipes/transportation/oak_drakkar": {
    "criteria": {
      "in_water": "2024-09-21 06:32:30 +0000"
    },
    "done": true
  },
  "smallships:recipes/transportation/jungle_brigg": {
    "criteria": {
      "in_water": "2024-09-21 06:32:30 +0000"
    },
    "done": true
  },
  "smallships:recipes/transportation/spruce_galley": {
    "criteria": {
      "in_water": "2024-09-21 06:32:30 +0000"
    },
    "done": true
  },
  "smallships:recipes/transportation/birch_cog": {
    "criteria": {
      "in_water": "2024-09-21 06:32:30 +0000"
    },
    "done": true
  },
  "minecraft:recipes/transportation/acacia_boat": {
    "criteria": {
      "in_water": "2024-09-21 06:32:30 +0000"
    },
    "done": true
  },
  "slayersbeasts:recipes/transportation/aspen_boat": {
    "criteria": {
      "in_water": "2024-09-21 06:32:30 +0000"
    },
    "done": true
  },
  "smallships:recipes/transportation/bamboo_brigg": {
    "criteria": {
      "in_water": "2024-09-21 06:32:30 +0000"
    },
    "done": true
  },
  "minecraft:recipes/transportation/jungle_boat": {
    "criteria": {
      "in_water": "2024-09-21 06:32:30 +0000"
    },
    "done": true
  },
  "smallships:recipes/transportation/bamboo_cog": {
    "criteria": {
      "in_water": "2024-09-21 06:32:30 +0000"
    },
    "done": true
  },
  "regions_unexplored:recipes/transportation/pine_boat": {
    "criteria": {
      "in_water": "2024-09-21 06:32:30 +0000"
    },
    "done": true
  },
  "promenade:recipes/crafting/maple/boat": {
    "criteria": {
      "in_water": "2024-09-21 06:32:30 +0000"
    },
    "done": true
  },
  "regions_unexplored:recipes/transportation/socotra_boat": {
    "criteria": {
      "in_water": "2024-09-21 06:32:30 +0000"
    },
    "done": true
  },
  "minecraft:recipes/transportation/spruce_boat": {
    "criteria": {
      "in_water": "2024-09-21 06:32:30 +0000"
    },
    "done": true
  },
  "smallships:recipes/transportation/acacia_brigg": {
    "criteria": {
      "in_water": "2024-09-21 06:32:30 +0000"
    },
    "done": true
  },
  "regions_unexplored:recipes/transportation/dead_boat": {
    "criteria": {
      "in_water": "2024-09-21 06:32:30 +0000"
    },
    "done": true
  },
  "smallships:recipes/transportation/mangrove_galley": {
    "criteria": {
      "in_water": "2024-09-21 06:32:30 +0000"
    },
    "done": true
  },
  "minecraft:recipes/transportation/mangrove_boat": {
    "criteria": {
      "in_water": "2024-09-21 06:32:30 +0000"
    },
    "done": true
  },
  "smallships:recipes/transportation/cherry_drakkar": {
    "criteria": {
      "in_water": "2024-09-21 06:32:30 +0000"
    },
    "done": true
  },
  "smallships:recipes/transportation/dark_oak_drakkar": {
    "criteria": {
      "in_water": "2024-09-21 06:32:30 +0000"
    },
    "done": true
  },
  "smallships:recipes/transportation/jungle_drakkar": {
    "criteria": {
      "in_water": "2024-09-21 06:32:30 +0000"
    },
    "done": true
  },
  "smallships:recipes/transportation/birch_brigg": {
    "criteria": {
      "in_water": "2024-09-21 06:32:30 +0000"
    },
    "done": true
  },
  "regions_unexplored:recipes/transportation/baobab_boat": {
    "criteria": {
      "in_water": "2024-09-21 06:32:30 +0000"
    },
    "done": true
  },
  "smallships:recipes/transportation/cherry_brigg": {
    "criteria": {
      "in_water": "2024-09-21 06:32:30 +0000"
    },
    "done": true
  },
  "smallships:recipes/transportation/spruce_brigg": {
    "criteria": {
      "in_water": "2024-09-21 06:32:30 +0000"
    },
    "done": true
  },
  "slayersbeasts:recipes/transportation/desert_oak_boat": {
    "criteria": {
      "in_water": "2024-09-21 06:32:30 +0000"
    },
    "done": true
  },
  "smallships:recipes/transportation/bamboo_drakkar": {
    "criteria": {
      "in_water": "2024-09-21 06:32:30 +0000"
    },
    "done": true
  },
  "smallships:recipes/transportation/mangrove_cog": {
    "criteria": {
      "in_water": "2024-09-21 06:32:30 +0000"
    },
    "done": true
  },
  "regions_unexplored:recipes/transportation/joshua_boat": {
    "criteria": {
      "in_water": "2024-09-21 06:32:30 +0000"
    },
    "done": true
  },
  "minecraft:recipes/transportation/dark_oak_boat": {
    "criteria": {
      "in_water": "2024-09-21 06:32:30 +0000"
    },
    "done": true
  },
  "smallships:recipes/transportation/dark_oak_brigg": {
    "criteria": {
      "in_water": "2024-09-21 06:32:30 +0000"
    },
    "done": true
  },
  "slayersbeasts:recipes/transportation/willow_boat": {
    "criteria": {
      "in_water": "2024-09-21 06:32:30 +0000"
    },
    "done": true
  },
  "smallships:recipes/transportation/birch_galley": {
    "criteria": {
      "in_water": "2024-09-21 06:32:30 +0000"
    },
    "done": true
  },
  "minecraft:recipes/transportation/bamboo_raft": {
    "criteria": {
      "in_water": "2024-09-21 06:32:30 +0000"
    },
    "done": true
  },
  "smallships:recipes/transportation/mangrove_brigg": {
    "criteria": {
      "in_water": "2024-09-21 06:32:30 +0000"
    },
    "done": true
  },
  "regions_unexplored:recipes/transportation/kapok_boat": {
    "criteria": {
      "in_water": "2024-09-21 06:32:30 +0000"
    },
    "done": true
  },
  "regions_unexplored:recipes/transportation/cypress_boat": {
    "criteria": {
      "in_water": "2024-09-21 06:32:30 +0000"
    },
    "done": true
  },
  "bewitchment:recipes/transportation/elder_boat": {
    "criteria": {
      "in_water": "2024-09-21 06:32:30 +0000"
    },
    "done": true
  },
  "smallships:recipes/transportation/mangrove_drakkar": {
    "criteria": {
      "in_water": "2024-09-21 06:32:30 +0000"
    },
    "done": true
  },
  "smallships:recipes/misc/sail": {
    "criteria": {
      "in_water": "2024-09-21 06:32:30 +0000"
    },
    "done": true
  },
  "regions_unexplored:recipes/transportation/larch_boat": {
    "criteria": {
      "in_water": "2024-09-21 06:32:30 +0000"
    },
    "done": true
  },
  "smallships:recipes/transportation/acacia_galley": {
    "criteria": {
      "in_water": "2024-09-21 06:32:30 +0000"
    },
    "done": true
  },
  "smallships:recipes/transportation/jungle_galley": {
    "criteria": {
      "in_water": "2024-09-21 06:32:30 +0000"
    },
    "done": true
  },
  "smallships:recipes/transportation/dark_oak_galley": {
    "criteria": {
      "in_water": "2024-09-21 06:32:30 +0000"
    },
    "done": true
  },
  "smallships:recipes/transportation/spruce_drakkar": {
    "criteria": {
      "in_water": "2024-09-21 06:32:30 +0000"
    },
    "done": true
  },
  "regions_unexplored:recipes/transportation/blackwood_boat": {
    "criteria": {
      "in_water": "2024-09-21 06:32:30 +0000"
    },
    "done": true
  },
  "slayersbeasts:recipes/transportation/kapok_boat": {
    "criteria": {
      "in_water": "2024-09-21 06:32:30 +0000"
    },
    "done": true
  },
  "smallships:recipes/transportation/oak_brigg": {
    "criteria": {
      "in_water": "2024-09-21 06:32:30 +0000"
    },
    "done": true
  },
  "bewitchment:recipes/transportation/dragons_blood_boat": {
    "criteria": {
      "in_water": "2024-09-21 06:32:30 +0000"
    },
    "done": true
  },
  "regions_unexplored:recipes/transportation/eucalyptus_boat": {
    "criteria": {
      "in_water": "2024-09-21 06:32:30 +0000"
    },
    "done": true
  },
  "regions_unexplored:recipes/transportation/palm_boat": {
    "criteria": {
      "in_water": "2024-09-21 06:32:30 +0000"
    },
    "done": true
  },
  "smallships:recipes/transportation/oak_cog": {
    "criteria": {
      "in_water": "2024-09-21 06:32:30 +0000"
    },
    "done": true
  },
  "smallships:recipes/transportation/oak_galley": {
    "criteria": {
      "in_water": "2024-09-21 06:32:30 +0000"
    },
    "done": true
  },
  "regions_unexplored:recipes/transportation/oak_boat": {
    "criteria": {
      "has_the_recipe": "2024-09-21 06:32:30 +0000",
      "in_water": "2024-09-21 06:32:30 +0000"
    },
    "done": true
  },
  "minecraft:recipes/transportation/birch_boat": {
    "criteria": {
      "in_water": "2024-09-21 06:32:30 +0000"
    },
    "done": true
  },
  "bewitchment:recipes/transportation/cypress_boat": {
    "criteria": {
      "in_water": "2024-09-21 06:32:30 +0000"
    },
    "done": true
  },
  "minecraft:recipes/transportation/oak_boat": {
    "criteria": {
      "in_water": "2024-09-21 06:32:30 +0000"
    },
    "done": true
  },
  "smallships:recipes/transportation/dark_oak_cog": {
    "criteria": {
      "in_water": "2024-09-21 06:32:30 +0000"
    },
    "done": true
  },
  "smallships:recipes/transportation/birch_drakkar": {
    "criteria": {
      "in_water": "2024-09-21 06:32:30 +0000"
    },
    "done": true
  },
  "promenade:recipes/crafting/sakura/boat": {
    "criteria": {
      "in_water": "2024-09-21 06:32:30 +0000"
    },
    "done": true
  },
  "regions_unexplored:recipes/transportation/mauve_boat": {
    "criteria": {
      "in_water": "2024-09-21 06:32:30 +0000"
    },
    "done": true
  },
  "regions_unexplored:recipes/transportation/redwood_boat": {
    "criteria": {
      "in_water": "2024-09-21 06:32:30 +0000"
    },
    "done": true
  },
  "promenade:recipes/crafting/palm/boat": {
    "criteria": {
      "in_water": "2024-09-21 06:32:30 +0000"
    },
    "done": true
  },
  "smallships:recipes/transportation/acacia_drakkar": {
    "criteria": {
      "in_water": "2024-09-21 06:32:30 +0000"
    },
    "done": true
  },
  "smallships:recipes/transportation/cherry_galley": {
    "criteria": {
      "in_water": "2024-09-21 06:32:30 +0000"
    },
    "done": true
  },
  "regions_unexplored:recipes/transportation/willow_boat": {
    "criteria": {
      "in_water": "2024-09-21 06:32:30 +0000"
    },
    "done": true
  },
  "smallships:recipes/transportation/cherry_cog": {
    "criteria": {
      "in_water": "2024-09-21 06:32:30 +0000"
    },
    "done": true
  },
  "DataVersion": 3465
}